,0,1,2,3,4,5,6,7,8,9,10,11,12,13,14,15,16,17,18,19,20,21,22,23,24,25,26,27,28,29,30,31,32,33,34,35,36,37,38,39,40,41,42,43,44,45,46,47,48,49,50,51,52,53,54,55,56,57,58,59,60,61,62,63,64,65,66,67,68,69,70,71,72,73,74,75,76,77,78,79,80,81,82,83,84,85,86,87,88,89
0,0.0,0.0,0.0,0.0,0.0,0.0,0.0,0.0,0.0,0.0,0.0,0.0,0.0,0.0,0.0,0.0,0.0,0.0,0.0,0.0,0.0,0.0,0.0,0.0,0.0,0.0,0.0,0.0,0.0,0.0,29069.034507647113,0.0,45.42487620377506,14374.120060482077,0.0,7781.510429038724,24086.20561331707,17974.900797595386,0.0,23501.291166152034,44895.986350430365,36708.681534708696,1759.3767189870268,40610.07190326533,38522.767087543674,35520.46227182199,14667.157456100336,36396.85264037867,43686.54782465697,38110.24300893533,53436.93819321363,30265.633377491948,66127.3285617703,78344.02374604864,60624.718930326955,83358.41411460527,73594.10929888359,58654.80448316193,83544.49966744024,67387.19485171858,40562.89003599693,57392.58522027523,50086.28040455356,84677.97558883188,97037.67077311024,93543.36595738854,66888.06114166687,65149.7563259452,92248.45151022352,104837.14669450183,81547.84187878018,102180.53706305851,72899.23224733684,115550.92743161516,81398.62261589347,106532.31780017182,107792.01298445015,90512.70816872848,100267.4033530068,56351.098537285114,57213.793721563445,60470.488905841776,50440.18409012009,49171.87927439844,37050.574458676754,62204.269642955085,14818.96482723343,31604.660011511733,,
1,0.0,0.0,0.0,0.0,23738.95971641061,0.0,0.0,0.0,0.0,0.0,0.0,0.0,0.0,0.0,0.0,0.0,0.0,0.0,0.0,0.0,0.0,0.0,0.0,0.0,0.0,0.0,0.0,0.0,0.0,0.0,18861.034507647113,12672.72969192543,0.0,40435.12006048208,26690.815244760393,21269.510429038724,27611.20561331707,41218.90079759539,41278.59598187373,45597.291166152034,59436.986350430365,70854.6815347087,66396.37671898703,48714.07190326533,63854.767087543674,63143.46227182199,63220.157456100336,77976.85264037867,62693.54782465697,74384.24300893533,38135.93819321363,65226.63337749195,29162.328561770293,65855.02374604864,61082.718930326955,82082.41411460527,92038.10929888359,72521.80448316193,54055.499667440235,63728.19485171858,44239.89003599693,51582.58522027523,36909.28040455356,69496.97558883188,66636.67077311024,78006.36595738854,68601.06114166687,44736.7563259452,61395.45151022352,43955.14669450183,66144.84187878018,46727.53706305851,75977.23224733684,71120.92743161516,69308.62261589347,107404.31780017182,108116.01298445015,111066.70816872848,79360.4033530068,78142.09853728511,61133.793721563445,59373.488905841776,72913.18409012009,28628.879274398438,41479.574458676754,19893.269642955085,19678.96482723343,34612.66001151173,,
2,0.0,0.0,0.0,0.0,0.0,0.0,0.0,0.0,0.0,0.0,0.0,0.0,0.0,0.0,39823.91155919386,19979.606743472206,0.0,18786.997112028825,19228.69229630717,0.0,0.0,5560.777849142163,29419.473033420465,26981.16821769881,25746.863401977127,0.0,22436.253770533804,0.0,50649.64413909044,40713.33932336877,41833.03450764711,37765.72969192543,27049.424876203775,33454.12006048208,14337.815244760393,16790.510429038724,43689.20561331707,66496.90079759539,61936.59598187373,37819.291166152034,91961.98635043036,52886.681534708696,53669.37671898703,51307.07190326533,73693.76708754367,69392.46227182199,62324.157456100336,91673.85264037867,80796.54782465697,60997.24300893533,104134.93819321363,100134.63337749195,91521.3285617703,61833.02374604864,85301.71893032696,96199.41411460527,70082.10929888359,85682.80448316193,41486.499667440235,51873.19485171858,89365.89003599693,78677.58522027523,66273.28040455356,58336.975588831876,57521.670773110236,73554.36595738854,88497.06114166687,84237.7563259452,69578.45151022352,89529.14669450183,57189.84187878018,49275.53706305851,61219.23224733684,37780.92743161516,74156.62261589347,46263.31780017182,49793.01298445015,30911.70816872848,34418.4033530068,7911.098537285114,24551.793721563445,20218.488905841776,2980.184090120092,4046.8792743984377,0.0,0.0,0.0,0.0,,
3,0.0,0.0,0.0,0.0,0.0,0.0,0.0,0.0,0.0,0.0,0.0,0.0,0.0,0.0,0.0,0.0,0.0,0.0,0.0,0.0,0.0,0.0,0.0,0.0,16733.948954812135,0.0,42487.33932336877,20774.034507647113,28477.72969192543,0.0,0.0,0.0,0.0,20459.20561331707,0.0,0.0,40424.291166152034,49716.986350430365,0.0,50831.37671898703,47064.07190326533,37955.767087543674,58842.46227182199,55691.157456100336,53509.85264037867,35914.54782465697,82896.24300893533,75399.93819321363,81537.63337749195,128252.3285617703,97237.02374604864,69235.71893032696,76190.41411460527,77913.10929888359,97377.80448316193,127946.49966744024,132506.19485171858,115584.89003599693,82342.58522027523,78024.28040455356,97315.97558883188,93347.67077311024,70010.36595738854,50296.06114166687,40664.7563259452,74901.45151022352,63352.14669450183,85226.84187878018,61634.53706305851,74984.23224733684,80932.92743161516,52040.62261589347,60417.31780017182,55333.01298445015,56926.70816872848,69065.4033530068,81997.09853728511,59442.793721563445,78173.48890584178,51738.18409012009,37238.87927439844,24267.574458676754,20450.269642955085,5771.964827233431,27637.660011511733,,,,,
4,0.0,0.0,0.0,0.0,0.0,0.0,0.0,0.0,0.0,0.0,0.0,0.0,0.0,0.0,0.0,0.0,0.0,0.0,0.0,0.0,0.0,0.0,0.0,0.0,0.0,27984.558586255473,50266.2537705338,28175.948954812135,53173.64413909044,0.0,45327.03450764711,40161.72969192543,45136.424876203775,88699.12006048208,84793.8152447604,55043.510429038724,55198.20561331707,75599.90079759539,48724.59598187373,63229.291166152034,17881.986350430365,45207.681534708696,69073.37671898703,37594.07190326533,57367.767087543674,11654.46227182199,29536.157456100336,38808.85264037867,35806.54782465697,27971.24300893533,31064.93819321363,0.0,0.0,42869.02374604864,46297.718930326955,59894.41411460527,42135.10929888359,44379.80448316193,40583.499667440235,56448.19485171858,48817.89003599693,65699.58522027523,82762.28040455356,71038.97558883188,46191.670773110236,80621.36595738854,84869.06114166687,87962.7563259452,114906.45151022352,98165.14669450183,99930.84187878018,115513.53706305851,86230.23224733684,102611.92743161516,80771.62261589347,81156.31780017182,49915.01298445015,99922.70816872848,76523.4033530068,61770.098537285114,58210.793721563445,31242.488905841776,33845.18409012009,80522.87927439844,88956.57445867675,23855.269642955085,27979.96482723343,7749.660011511733,,
5,0.0,0.0,0.0,0.0,0.0,0.0,0.0,0.0,0.0,0.0,0.0,0.0,0.0,0.0,0.0,0.0,0.0,0.0,0.0,0.0,0.0,0.0,0.0,0.0,0.0,0.0,0.0,0.0,0.0,0.0,0.0,30120.72969192543,17128.424876203775,42875.12006048208,23759.815244760393,30742.510429038724,48879.20561331707,36011.90079759539,89480.59598187373,57635.291166152034,65443.986350430365,74249.6815347087,56052.37671898703,68408.07190326533,36011.767087543674,40397.46227182199,52432.157456100336,71960.85264037867,47772.54782465697,47471.24300893533,60201.93819321363,56063.63337749195,49223.32856177029,34302.02374604864,55315.718930326955,66048.41411460527,64057.10929888359,47856.80448316193,55255.499667440235,68880.19485171858,94895.89003599693,81440.58522027523,81281.28040455356,80399.97558883188,78401.67077311024,73589.36595738854,97546.06114166687,82353.7563259452,92633.45151022352,124415.14669450183,88726.84187878018,104604.53706305851,118601.23224733684,76881.92743161516,100129.62261589347,112402.31780017182,75731.01298445015,51118.70816872848,100406.4033530068,52886.098537285114,48029.793721563445,106327.48890584178,57940.18409012009,75471.87927439844,73910.57445867675,78514.26964295509,28884.96482723343,70712.66001151173,,
6,0.0,0.0,0.0,0.0,0.0,0.0,0.0,0.0,0.0,0.0,0.0,0.0,0.0,0.0,0.0,0.0,0.0,0.0,10577.301927750523,0.0,16135.69229630717,0.0,0.0,37437.77784914216,17902.473033420465,18947.16821769881,7454.863401977127,16539.558586255473,13083.253770533804,0.0,18528.644139090437,14283.339323368768,26520.034507647113,35437.72969192543,15231.424876203775,0.0,29880.815244760393,37205.510429038724,18059.20561331707,29229.900797595386,2804.595981873732,27406.291166152034,20628.986350430365,22604.681534708696,11212.376718987027,39709.07190326533,40825.767087543674,11619.46227182199,32438.157456100336,27795.852640378667,0.0,58065.24300893533,52958.93819321363,84846.63337749195,103125.3285617703,68418.02374604864,76175.71893032696,115098.41411460527,114356.10929888359,124668.80448316193,193901.49966744025,145749.19485171858,125733.89003599693,143161.5852202752,86535.28040455356,91979.97558883188,103740.67077311024,133525.36595738854,112286.06114166687,90031.7563259452,41748.45151022352,63525.14669450183,62280.84187878018,94360.53706305851,34379.23224733684,54260.92743161516,58370.62261589347,73527.31780017182,102546.01298445015,55722.70816872848,8510.403353006797,55449.098537285114,61048.793721563445,78523.48890584178,46953.18409012009,91201.87927439844,46711.574458676754,81437.26964295509,64484.96482723343,107599.66001151173
7,0.0,0.0,0.0,0.0,0.0,0.0,0.0,0.0,0.0,0.0,0.0,0.0,0.0,0.0,256.91155919386074,0.0,3809.3019277505227,0.0,0.0,0.0,0.0,0.0,0.0,0.0,0.0,0.0,0.0,0.0,0.0,0.0,0.0,1851.7296919254295,0.0,35974.12006048208,41754.81524476039,57096.510429038724,74220.20561331707,65700.90079759539,108160.59598187373,92850.29116615203,84180.98635043036,74391.6815347087,82503.37671898703,95463.07190326533,67640.76708754367,72792.46227182199,93494.15745610034,80426.85264037867,117493.54782465697,77166.24300893533,116458.93819321363,84978.63337749195,51807.32856177029,52487.02374604864,70124.71893032696,73727.41411460527,89591.10929888359,71654.80448316193,49786.499667440235,86922.19485171858,37923.89003599693,69060.58522027523,59053.28040455356,49647.975588831876,54208.670773110236,78076.36595738854,62735.06114166687,52692.7563259452,63968.45151022352,72100.14669450183,64352.84187878018,78965.53706305851,106133.23224733684,42872.92743161516,131420.6226158935,78645.31780017182,56788.01298445015,61403.70816872848,58293.4033530068,67299.09853728511,54066.793721563445,102101.48890584178,74710.18409012009,52347.87927439844,64681.574458676754,53122.269642955085,48981.96482723343,0.0,,
8,0.0,0.0,0.0,0.0,0.0,0.0,0.0,0.0,0.0,0.0,0.0,0.0,0.0,7889.216374915544,0.0,0.0,0.0,0.0,0.0,0.0,0.0,0.0,0.0,0.0,0.0,0.0,0.0,0.0,0.0,0.0,0.0,0.0,0.0,0.0,0.0,0.0,0.0,0.0,0.0,0.0,0.0,10961.681534708696,8642.376718987027,43772.07190326533,10087.767087543674,29845.46227182199,30728.157456100336,11167.852640378667,14328.54782465697,24395.24300893533,0.0,30466.633377491948,29820.328561770293,66732.02374604864,65137.718930326955,33321.41411460527,79344.10929888359,43895.80448316193,51995.499667440235,88185.19485171858,111104.89003599693,129365.58522027523,132052.28040455357,110843.97558883188,89011.67077311024,138917.36595738854,135643.06114166687,153137.7563259452,97062.45151022352,126539.14669450183,165571.84187878016,156119.53706305852,137624.23224733683,117493.92743161516,114989.62261589347,97700.31780017182,142871.01298445015,102949.70816872848,112705.4033530068,114389.09853728511,88887.79372156344,86466.48890584178,86709.18409012009,121184.87927439844,102746.57445867675,83542.26964295509,125217.96482723343,79140.66001151173,,
9,0.0,0.0,0.0,0.0,0.0,0.0,0.0,0.0,0.0,0.0,0.0,0.0,0.0,0.0,0.0,0.0,0.0,0.0,0.0,0.0,0.0,0.0,0.0,27823.777849142163,0.0,6254.168217698811,62203.86340197713,0.0,18922.253770533804,25073.948954812135,3975.6441390904365,0.0,0.0,47649.72969192543,0.0,0.0,0.0,0.0,24030.20561331707,30273.900797595386,63203.59598187373,88839.29116615203,80843.98635043036,58801.681534708696,97789.37671898703,89793.07190326533,127962.76708754367,121260.46227182199,84564.15745610034,118363.85264037867,141100.54782465697,127612.24300893533,134720.93819321363,122400.63337749195,123936.3285617703,117466.02374604864,145668.71893032696,119156.91411460527,92645.10929888359,87911.80448316193,76224.49966744024,61377.19485171858,72983.89003599693,71882.58522027523,99268.28040455356,98678.97558883188,86805.67077311024,117518.36595738854,81478.06114166687,77949.7563259452,107499.45151022352,46973.14669450183,73396.84187878018,67113.53706305851,75207.23224733684,63193.92743161516,61713.62261589347,63405.31780017182,34901.01298445015,20354.70816872848,18605.403353006797,12646.098537285114,40798.793721563445,38656.488905841776,23341.184090120092,20382.879274398438,0.0,8706.269642955085,0.0,23394.660011511733
10,0.0,0.0,0.0,0.0,0.0,0.0,0.0,0.0,0.0,0.0,0.0,0.0,0.0,0.0,0.0,0.0,0.0,0.0,0.0,0.0,0.0,54315.77784914216,55849.473033420465,42994.16821769881,34021.86340197713,18779.558586255473,50836.2537705338,50880.948954812135,55539.64413909044,52537.33932336877,69813.03450764711,80185.72969192543,105152.42487620378,124428.12006048208,130757.8152447604,123224.51042903872,148667.20561331708,168283.9007975954,149145.59598187375,170944.29116615205,105401.98635043036,141670.6815347087,141486.876718987,141303.0719032653,151438.76708754367,151556.46227182198,131445.15745610034,123553.85264037867,103913.54782465697,112513.24300893533,72922.93819321363,73326.63337749195,44411.32856177029,63766.02374604864,63463.718930326955,47236.41411460527,31524.109298883588,32189.804483161934,31000.499667440235,37910.19485171858,36105.89003599693,0.0,30659.28040455356,930.9755888318759,0.0,9121.365957388538,34457.06114166687,14916.7563259452,30167.451510223516,6807.146694501833,12059.841878780178,9745.53706305851,13702.23224733684,22955.927431615157,50175.62261589347,43288.31780017182,39704.01298445015,20406.70816872848,21900.403353006797,24087.098537285114,9269.793721563445,24777.488905841776,15362.184090120092,15436.879274398438,7162.574458676754,0.0,5071.964827233431,0.0,,
11,0.0,0.0,0.0,0.0,0.0,0.0,0.0,0.0,0.0,0.0,0.0,0.0,0.0,0.0,0.0,0.0,16053.91155919386,25921.606743472206,60912.30192775052,49296.997112028825,23113.69229630717,61655.3874805855,47133.08266486383,48232.77784914216,53616.473033420465,47615.16821769881,54091.86340197713,78054.55858625547,61463.2537705338,79484.94895481213,69512.64413909044,82107.33932336877,79591.03450764711,80237.72969192543,78219.42487620378,70162.12006048208,73847.8152447604,66577.51042903872,53934.20561331707,81643.90079759539,124644.59598187373,68039.29116615203,52680.986350430365,62748.681534708696,68139.37671898703,93718.07190326533,56563.767087543674,65112.46227182199,82356.15745610034,94390.85264037867,87408.54782465697,111912.24300893533,124823.93819321363,96744.63337749195,91301.3285617703,102676.02374604864,75568.71893032696,94693.41411460527,79836.10929888359,88667.80448316193,39713.499667440235,67325.19485171858,93992.89003599693,56901.58522027523,70051.28040455356,79122.97558883188,64207.670773110236,46118.36595738854,34176.06114166687,47201.7563259452,41925.84187878018,29382.146694501833,29163.23224733684,0.0,27405.622615893473,23645.31780017182,47333.01298445015,27747.70816872848,19863.403353006797,4803.098537285114,0.0,0.0,24905.184090120092,0.0,0.0,804.2696429550851,25825.96482723343,20325.660011511733,,
12,0.0,0.0,0.0,0.0,0.0,0.0,0.0,0.0,0.0,0.0,0.0,0.0,0.0,0.0,0.0,0.0,0.0,0.0,0.0,0.0,0.0,0.0,0.0,0.0,0.0,0.0,0.0,0.0,0.0,0.0,0.0,0.0,17319.034507647113,2124.7296919254295,7300.424876203775,15013.120060482077,13983.815244760393,18641.510429038724,45056.20561331707,55573.90079759539,44944.59598187373,41570.291166152034,47461.986350430365,65537.1815347087,83612.37671898703,58646.07190326533,62993.767087543674,60247.46227182199,111000.15745610034,65914.85264037867,56592.54782465697,96931.24300893533,78250.93819321363,114296.63337749195,67884.3285617703,77039.02374604864,72090.71893032696,90853.41411460527,106918.10929888359,115521.80448316193,129528.49966744024,107959.19485171858,112184.89003599693,95909.58522027523,87295.28040455356,103189.97558883188,104914.67077311024,99749.36595738854,83280.06114166687,87271.7563259452,52587.45151022352,56885.14669450183,73523.84187878018,82243.53706305851,92836.23224733684,93045.92743161516,100904.62261589347,79996.31780017182,67116.01298445015,99740.70816872848,100755.4033530068,64674.098537285114,93521.79372156344,72603.48890584178,67820.18409012009,72808.87927439844,45466.574458676754,58061.269642955085,70133.96482723343,38973.66001151173
13,0.0,0.0,0.0,0.0,0.0,0.0,0.0,0.0,0.0,0.0,0.0,0.0,0.0,0.0,0.0,0.0,0.0,0.0,0.0,0.0,0.0,0.0,0.0,0.0,0.0,0.0,0.0,0.0,0.0,22000.948954812135,20859.644139090437,13920.339323368768,0.0,6200.7296919254295,13523.424876203775,38818.12006048208,7662.815244760393,61629.510429038724,32276.20561331707,68140.90079759539,92492.59598187373,78494.29116615203,90927.98635043036,61903.681534708696,125996.37671898703,82431.07190326533,83480.76708754367,103490.46227182199,76419.15745610034,71035.85264037867,78742.54782465697,91403.24300893533,102164.93819321363,144662.63337749196,114096.3285617703,84421.02374604864,90330.71893032696,73043.41411460527,67690.10929888359,103319.80448316193,72882.49966744024,73599.19485171858,89218.89003599693,69434.58522027523,78829.28040455356,74799.97558883188,66811.67077311024,88373.36595738854,75288.06114166687,77718.7563259452,103606.45151022352,84181.14669450183,74422.84187878018,76538.53706305851,61110.23224733684,52291.92743161516,52769.62261589347,71153.31780017182,67339.01298445015,84119.70816872848,82800.4033530068,82664.09853728511,62680.793721563445,71804.48890584178,57835.18409012009,40092.87927439844,50471.574458676754,67203.26964295509,61868.96482723343,55548.66001151173
14,0.0,0.0,0.0,0.0,0.0,0.0,0.0,0.0,0.0,0.0,0.0,0.0,0.0,0.0,0.0,0.0,0.0,0.0,0.0,0.0,0.0,0.0,0.0,0.0,0.0,0.0,0.0,0.0,0.0,0.0,0.0,0.0,0.0,0.0,0.0,0.0,0.0,0.0,22592.595981873732,16883.291166152034,29513.986350430365,40290.681534708696,11603.376718987027,48767.07190326533,31588.767087543674,38107.46227182199,36496.157456100336,78959.85264037867,66657.54782465697,73508.24300893533,77108.93819321363,85266.63337749195,92186.3285617703,70717.02374604864,84375.71893032696,81080.41411460527,101818.10929888359,111874.80448316193,148670.49966744025,132026.19485171858,144811.8900359969,144013.5852202752,126672.28040455356,155136.97558883188,177272.67077311024,156633.36595738854,114857.06114166687,133926.7563259452,129856.45151022352,153322.14669450183,138420.84187878016,160810.53706305852,114347.23224733684,93662.92743161516,54614.62261589347,77348.31780017182,86865.01298445015,64025.70816872848,68152.4033530068,78283.09853728511,58393.793721563445,77400.48890584178,55353.18409012009,69703.87927439844,54554.574458676754,46502.269642955085,41932.96482723343,49488.66001151173,,
15,0.0,0.0,0.0,0.0,0.0,0.0,0.0,0.0,0.0,0.0,0.0,0.0,0.0,0.0,0.0,0.0,0.0,0.0,0.0,0.0,0.0,0.0,0.0,0.0,36505.948954812135,30793.644139090437,0.0,39068.03450764711,40325.72969192543,24840.424876203775,27313.120060482077,32629.815244760393,24608.510429038724,16020.20561331707,41484.90079759539,55941.59598187373,68521.29116615203,64695.986350430365,63094.681534708696,129506.37671898703,149521.0719032653,59550.767087543674,90377.46227182199,76874.15745610034,85942.85264037867,53716.54782465697,96020.24300893533,101614.93819321363,144664.63337749196,163710.3285617703,141040.02374604862,81990.71893032696,95242.41411460527,78172.10929888359,73671.80448316193,74524.49966744024,85945.19485171858,83659.89003599693,72138.58522027523,93315.28040455356,62362.975588831876,80058.67077311024,100913.36595738854,54904.06114166687,40532.7563259452,35968.45151022352,47090.14669450183,45054.84187878018,42190.53706305851,74729.23224733684,66926.92743161516,101525.62261589347,105224.31780017182,54409.01298445015,82431.70816872848,65065.4033530068,93870.09853728511,66468.79372156344,109840.48890584178,64000.18409012009,56863.87927439844,58285.574458676754,50233.269642955085,43714.96482723343,11136.660011511733,,,,,
16,0.0,0.0,0.0,0.0,0.0,0.0,0.0,0.0,0.0,0.0,0.0,0.0,0.0,0.0,0.0,0.0,0.0,0.0,0.0,0.0,0.0,0.0,0.0,0.0,0.0,0.0,0.0,0.0,0.0,24838.339323368768,27410.034507647113,22688.72969192543,7871.424876203775,9815.120060482077,0.0,51380.510429038724,50950.20561331707,62102.90079759539,81939.59598187373,38326.291166152034,58618.986350430365,62306.681534708696,88937.37671898703,67448.07190326533,58906.767087543674,50734.46227182199,80116.15745610034,70344.85264037867,22058.54782465697,76237.24300893533,43404.93819321363,37142.63337749195,57479.32856177029,48107.02374604864,76081.71893032696,87924.41411460527,62024.10929888359,72608.80448316193,62222.499667440235,64864.19485171858,69105.89003599693,106619.58522027523,98500.28040455356,96336.97558883188,79411.67077311024,98862.36595738854,98995.06114166687,127964.7563259452,109067.45151022352,92140.14669450183,99230.84187878018,104082.53706305851,118602.23224733684,115715.92743161516,129025.62261589347,129096.31780017182,81580.01298445015,117520.70816872848,86188.4033530068,91358.09853728511,107637.79372156344,97895.48890584178,83247.18409012009,106542.87927439844,113892.57445867675,85937.26964295509,81514.96482723343,97800.66001151173,,
17,0.0,0.0,0.0,0.0,0.0,0.0,0.0,0.0,0.0,0.0,0.0,0.0,0.0,0.0,0.0,0.0,0.0,0.0,0.0,0.0,0.0,26630.777849142163,0.0,0.0,8105.863401977127,28206.558586255473,0.0,0.0,0.0,0.0,28085.034507647113,40551.72969192543,5578.424876203775,33066.12006048208,20426.815244760393,42095.510429038724,25006.20561331707,60908.90079759539,50749.59598187373,50380.291166152034,46232.986350430365,49822.681534708696,83640.37671898703,52895.07190326533,88813.76708754367,79086.46227182199,68106.15745610034,78783.85264037867,92312.54782465697,106080.24300893533,71044.93819321363,96214.63337749195,82788.3285617703,116245.02374604864,83067.71893032696,93319.41411460527,115851.10929888359,117406.80448316193,118452.49966744024,61430.19485171858,79561.89003599693,86768.58522027523,38185.28040455356,66875.97558883188,68281.67077311024,28759.365957388538,61114.06114166687,48212.7563259452,69705.45151022352,46931.14669450183,60325.84187878018,88642.53706305851,54916.23224733684,62310.92743161516,80440.62261589347,115233.31780017182,49840.01298445015,82550.70816872848,96117.4033530068,109684.09853728511,121532.79372156344,127869.48890584178,98578.18409012009,139289.87927439844,112907.57445867675,112481.26964295509,123987.96482723343,106742.66001151173,,
18,0.0,0.0,0.0,0.0,0.0,0.0,0.0,0.0,0.0,0.0,0.0,0.0,0.0,0.0,0.0,0.0,8582.91155919386,32218.606743472206,19852.301927750523,29947.997112028825,0.0,0.0,55745.08266486383,0.0,33828.473033420465,40006.16821769881,68872.86340197713,71725.55858625547,92123.2537705338,74057.94895481213,119006.64413909044,166464.33932336877,114819.03450764711,120254.72969192543,119600.42487620378,103144.12006048208,105839.8152447604,65168.510429038724,86520.20561331707,108867.90079759539,93489.59598187373,122551.29116615203,88682.98635043036,141336.6815347087,129650.37671898703,118286.07190326533,89704.76708754367,116327.46227182199,81813.15745610034,81762.85264037867,59595.54782465697,111910.24300893533,42051.93819321363,96821.63337749195,59202.32856177029,107489.02374604864,75815.71893032696,52840.41411460527,91896.10929888359,76717.80448316193,86093.49966744024,52395.19485171858,75724.89003599693,46959.58522027523,66006.28040455356,115597.97558883188,64079.670773110236,70437.36595738854,52150.06114166687,49962.7563259452,61823.45151022352,55229.14669450183,26249.84187878018,62276.53706305851,63338.23224733684,41075.92743161516,60342.62261589347,32905.31780017182,19216.01298445015,40009.70816872848,11905.403353006797,35066.098537285114,17220.793721563445,0.0,3263.184090120092,0.0,0.0,8930.269642955085,1176.9648272334307,0.0
19,0.0,0.0,0.0,0.0,0.0,0.0,0.0,0.0,0.0,0.0,0.0,0.0,0.0,0.0,0.0,19719.606743472206,0.0,0.0,0.0,0.0,0.0,0.0,0.0,0.0,0.0,0.0,0.0,0.0,34437.64413909044,38476.33932336877,55253.03450764711,35636.72969192543,63302.424876203775,51181.12006048208,61115.81524476039,41424.510429038724,63885.20561331707,70297.90079759539,78891.59598187373,83650.29116615203,88538.98635043036,73825.6815347087,59473.37671898703,38249.07190326533,52590.767087543674,54129.46227182199,86174.15745610034,28916.852640378667,54236.54782465697,45954.24300893533,74338.93819321363,22668.633377491948,75569.3285617703,45557.02374604864,85399.71893032696,76856.41411460527,91497.10929888359,84503.80448316193,67832.49966744024,76993.19485171858,94351.89003599693,86483.58522027523,76128.28040455356,95516.97558883188,91884.67077311024,55006.36595738854,113126.06114166687,126065.7563259452,93845.45151022352,130153.14669450183,99802.84187878018,80766.53706305851,98631.23224733684,127572.92743161516,70952.62261589347,116161.31780017182,118293.01298445015,96238.70816872848,92517.4033530068,71569.09853728511,89372.79372156344,98195.48890584178,125384.18409012009,101943.87927439844,97221.57445867675,95936.26964295509,77493.96482723343,60031.66001151173,,
20,0.0,0.0,0.0,0.0,0.0,0.0,0.0,0.0,0.0,0.0,0.0,0.0,0.0,0.0,0.0,0.0,0.0,0.0,0.0,0.0,0.0,0.0,0.0,0.0,0.0,0.0,0.0,0.0,0.0,0.0,0.0,0.0,0.0,9223.120060482077,0.0,13642.510429038724,23033.20561331707,18034.900797595386,25979.595981873732,33730.291166152034,41648.986350430365,56918.681534708696,67915.37671898703,62490.07190326533,70332.76708754367,34102.46227182199,88551.15745610034,103222.85264037867,78613.54782465697,94790.24300893533,112891.93819321363,108765.63337749195,123802.3285617703,99985.02374604864,127913.71893032696,112897.41411460527,114982.10929888359,93338.80448316193,155371.49966744025,118063.19485171858,140552.8900359969,106068.58522027523,91105.28040455356,96746.97558883188,137995.67077311024,107660.36595738854,93120.06114166687,114187.7563259452,80002.45151022352,80484.14669450183,72200.84187878018,113548.53706305851,77698.23224733684,96011.92743161516,85425.62261589347,143036.31780017182,128381.01298445015,101025.70816872848,85297.4033530068,97376.09853728511,128488.79372156344,83851.48890584178,51737.18409012009,86305.87927439844,51550.574458676754,97774.26964295509,87976.96482723343,94703.66001151173,,
21,0.0,0.0,0.0,0.0,0.0,0.0,0.0,0.0,0.0,0.0,0.0,0.0,0.0,0.0,0.0,0.0,0.0,0.0,0.0,0.0,0.0,0.0,1241.5585862554726,0.0,0.0,31775.644139090437,23003.339323368768,23423.034507647113,51051.72969192543,13215.424876203775,40391.12006048208,24335.815244760393,48772.510429038724,76029.20561331707,95165.90079759539,84230.59598187373,109112.29116615203,106499.98635043036,93327.6815347087,102298.37671898703,104785.07190326533,82136.76708754367,74556.46227182199,71510.15745610034,65257.85264037867,97533.54782465697,80111.24300893533,61048.93819321363,90349.63337749195,75328.3285617703,91533.02374604864,74974.71893032696,82567.41411460527,54644.10929888359,82704.80448316193,125535.49966744024,62966.19485171858,89014.89003599693,69965.58522027523,98451.28040455356,94318.97558883188,57730.670773110236,112399.36595738854,90554.06114166687,136292.7563259452,101318.45151022352,127004.14669450183,141261.84187878016,169258.53706305852,97109.23224733684,123124.92743161516,100742.62261589347,130876.31780017182,146780.01298445015,68810.70816872848,86951.4033530068,70450.09853728511,75066.79372156344,83663.48890584178,43138.18409012009,56356.87927439844,48181.574458676754,40867.269642955085,10311.96482723343,0.0,,,,,
22,0.0,0.0,0.0,0.0,0.0,0.0,0.0,0.0,0.0,0.0,0.0,0.0,0.0,0.0,0.0,0.0,0.0,0.0,0.0,0.0,0.0,24903.777849142163,25523.473033420465,0.0,0.0,10801.558586255473,34580.2537705338,39823.948954812135,43564.64413909044,41573.33932336877,18099.034507647113,38819.72969192543,17389.424876203775,71053.12006048208,58958.81524476039,36165.510429038724,50128.20561331707,61016.90079759539,0.0,39428.291166152034,47043.986350430365,46229.681534708696,46316.37671898703,11962.071903265329,10012.767087543674,23164.46227182199,22126.157456100336,37625.85264037867,56185.54782465697,73521.24300893533,56329.93819321363,40224.63337749195,27710.328561770293,60860.02374604864,78787.71893032696,69643.41411460527,98007.10929888359,102619.80448316193,110698.49966744024,102743.19485171858,117139.89003599693,128711.58522027523,127099.28040455356,135357.97558883188,99044.67077311024,136822.36595738854,87068.06114166687,95237.7563259452,112620.45151022352,77079.14669450183,102878.84187878018,111491.53706305851,92500.23224733684,109600.92743161516,109828.62261589347,83003.31780017182,113271.01298445015,121652.70816872848,118061.4033530068,113795.09853728511,115160.79372156344,141192.48890584178,170012.18409012008,120286.87927439844,99687.57445867675,159847.2696429551,124252.96482723343,138704.66001151173,,
23,0.0,0.0,0.0,0.0,0.0,0.0,0.0,0.0,0.0,0.0,0.0,0.0,0.0,0.0,0.0,0.0,0.0,0.0,0.0,0.0,0.0,0.0,0.0,0.0,0.0,0.0,0.0,0.0,0.0,0.0,0.0,0.0,0.0,0.0,0.0,0.0,0.0,19684.900797595386,0.0,42637.291166152034,56514.986350430365,30160.681534708696,47926.37671898703,81582.07190326533,69409.76708754367,91799.46227182199,95673.15745610034,120109.85264037867,116333.54782465697,125340.24300893533,156245.93819321363,146732.63337749196,155630.3285617703,159652.02374604862,141290.71893032696,159871.4141146053,170892.1092988836,145573.80448316195,134451.49966744025,159895.19485171858,141428.8900359969,144911.5852202752,170306.28040455357,138613.97558883188,161399.67077311024,138271.36595738854,161291.06114166687,135036.7563259452,139447.4515102235,102152.14669450183,97902.84187878018,92061.53706305851,90111.23224733684,83874.92743161516,108252.62261589347,54536.31780017182,122300.01298445015,106070.70816872848,102428.4033530068,84280.09853728511,48975.793721563445,52623.488905841776,39007.18409012009,57066.87927439844,59681.574458676754,56327.269642955085,85581.96482723343,0.0,,
24,0.0,0.0,0.0,0.0,0.0,0.0,0.0,0.0,0.0,15929.43563780225,15158.130822080566,25871.826006358868,11860.521190637213,12515.216374915544,0.0,39021.606743472206,78677.30192775052,66333.99711202882,66848.69229630717,89119.3874805855,69821.08266486383,59011.77784914216,53061.473033420465,62272.16821769881,64440.86340197713,125003.55858625547,115114.2537705338,94267.94895481213,92188.64413909044,56190.33932336877,80685.03450764711,71378.72969192543,54165.424876203775,72144.12006048208,72040.8152447604,58080.510429038724,98397.20561331707,66317.90079759539,60569.59598187373,63864.291166152034,72970.98635043036,105388.6815347087,99186.37671898703,113685.07190326533,124867.76708754367,96745.46227182199,107368.15745610034,118486.85264037867,119119.54782465697,111344.24300893533,97530.93819321363,102755.63337749195,72742.3285617703,108655.02374604864,105552.71893032696,79528.41411460527,68298.10929888359,48415.80448316193,70160.49966744024,25305.19485171858,68441.89003599693,66685.58522027523,34923.28040455356,0.0,37581.670773110236,40453.36595738854,51199.06114166687,38482.7563259452,50744.45151022352,59956.14669450183,65208.84187878018,49980.53706305851,77153.23224733684,77852.92743161516,82346.62261589347,64271.31780017182,70714.01298445015,80539.70816872848,45141.4033530068,50140.098537285114,12801.793721563445,38743.488905841776,50360.18409012009,29177.879274398438,44539.574458676754,64071.269642955085,49398.96482723343,90641.66001151173,,
25,0.0,0.0,0.0,0.0,0.0,0.0,0.0,0.0,16543.35008496727,0.0,0.0,0.0,0.0,29488.826006358868,21726.521190637213,37346.216374915544,44452.91155919386,33282.606743472206,39237.30192775052,72617.99711202882,53146.69229630717,70621.3874805855,70920.08266486383,41647.77784914216,72557.47303342047,52060.16821769881,78603.86340197713,88967.55858625547,55709.2537705338,49097.948954812135,39935.64413909044,35935.33932336877,98346.03450764711,79838.72969192543,81982.42487620378,43779.12006048208,42581.81524476039,53964.510429038724,53506.20561331707,70858.90079759539,32307.595981873732,35006.291166152034,56293.986350430365,50541.681534708696,66550.37671898703,62951.07190326533,53037.767087543674,88880.46227182199,107039.15745610034,68652.85264037867,50736.54782465697,43357.24300893533,129976.93819321363,125494.63337749195,74601.3285617703,104215.02374604864,117720.71893032696,99531.41411460527,116441.10929888359,122749.80448316193,138980.49966744025,63469.19485171858,113756.89003599693,61201.58522027523,110586.28040455356,88976.97558883188,76093.67077311024,104979.36595738854,88088.06114166687,109814.7563259452,98709.45151022352,101525.14669450183,71227.84187878018,35122.53706305851,67959.23224733684,70846.92743161516,58759.62261589347,90395.31780017182,67291.01298445015,53940.70816872848,59747.4033530068,60398.098537285114,65639.79372156344,106944.48890584178,40963.18409012009,40605.87927439844,54874.574458676754,52143.269642955085,44730.96482723343,50488.66001151173
26,0.0,0.0,0.0,0.0,0.0,0.0,0.0,0.0,0.0,0.0,0.0,0.0,0.0,0.0,0.0,0.0,0.0,0.0,0.0,0.0,0.0,0.0,0.0,0.0,0.0,0.0,0.0,0.0,0.0,0.0,0.0,0.0,0.0,0.0,0.0,39418.12006048208,8628.815244760393,4291.510429038724,0.0,0.0,0.0,0.0,91258.98635043036,94055.6815347087,49129.37671898703,152969.0719032653,70585.76708754367,52669.46227182199,33431.157456100336,55592.85264037867,17321.54782465697,43639.24300893533,58755.93819321363,55401.63337749195,73918.3285617703,59332.02374604864,71681.71893032696,85493.41411460527,148380.1092988836,160720.80448316195,115198.49966744024,112190.19485171858,120583.89003599693,82220.58522027523,95389.28040455356,142485.97558883188,126081.67077311024,114779.36595738854,96843.06114166687,133212.7563259452,123896.45151022352,108736.14669450183,142935.84187878016,137130.53706305852,166972.23224733683,160552.92743161516,134010.6226158935,142172.31780017182,128494.01298445015,159966.70816872848,147792.4033530068,144866.0985372851,164470.79372156344,164383.48890584178,185411.18409012008,186577.87927439844,207714.57445867674,132949.2696429551,131178.96482723343,152293.66001151173
27,0.0,0.0,0.0,0.0,0.0,0.0,0.0,0.0,0.0,0.0,0.0,0.0,0.0,0.0,0.0,34597.216374915544,27990.91155919386,67701.6067434722,50521.30192775052,61330.997112028825,75194.69229630717,82341.3874805855,92745.08266486383,84636.77784914216,87342.47303342047,102822.16821769881,134477.8634019771,98979.55858625547,149556.2537705338,106653.94895481213,0.0,122053.33932336877,144960.0345076471,124021.72969192543,116368.42487620378,81933.12006048208,102063.8152447604,75946.51042903872,117752.20561331707,91651.90079759539,80064.59598187373,80481.29116615203,81491.98635043036,56564.681534708696,76851.37671898703,62505.07190326533,78002.76708754367,70522.46227182199,50183.157456100336,38415.85264037867,47810.54782465697,43320.24300893533,0.0,61555.63337749195,56349.32856177029,36770.02374604864,64627.718930326955,71057.41411460527,64581.10929888359,35563.80448316193,37607.499667440235,80181.19485171858,66247.89003599693,78028.58522027523,92912.28040455356,66301.97558883188,126429.67077311024,90350.36595738854,92908.06114166687,88474.7563259452,81253.45151022352,80314.14669450183,55428.84187878018,84459.53706305851,72307.62261589347,66979.31780017182,55639.01298445015,53664.70816872848,47672.4033530068,57967.098537285114,86871.79372156344,73917.48890584178,56353.18409012009,56878.87927439844,81369.57445867675,70085.26964295509,86176.96482723343,87928.66001151173,,
28,0.0,0.0,0.0,0.0,0.0,0.0,0.0,0.0,0.0,0.0,0.0,0.0,0.0,0.0,0.0,30585.606743472206,0.0,0.0,0.0,0.0,0.0,0.0,35917.473033420465,35715.16821769881,43337.86340197713,38668.55858625547,50513.2537705338,48742.948954812135,45474.64413909044,78958.33932336877,73911.03450764711,82540.72969192543,80280.42487620378,51809.12006048208,68917.8152447604,43424.510429038724,72605.20561331707,95647.90079759539,65339.59598187373,73426.29116615203,18757.986350430365,62181.681534708696,55621.37671898703,66585.07190326533,84582.76708754367,75897.46227182199,66617.15745610034,63878.85264037867,66357.54782465697,88663.24300893533,92152.93819321363,143609.63337749196,83875.3285617703,85167.02374604864,86581.71893032696,137464.4141146053,133601.1092988836,111326.80448316193,137554.49966744025,99888.19485171858,133298.8900359969,168112.5852202752,146560.28040455357,114319.97558883188,98160.67077311024,111610.36595738854,97976.06114166687,105783.7563259452,116105.45151022352,70579.14669450183,94735.84187878018,170407.53706305852,133192.23224733683,106926.92743161516,108532.62261589347,80338.31780017182,91470.01298445015,67863.70816872848,72950.4033530068,105791.09853728511,59797.793721563445,85602.48890584178,80342.18409012009,72603.87927439844,49048.574458676754,61681.269642955085,20344.96482723343,0.0,,
29,0.0,0.0,0.0,0.0,0.0,0.0,35583.35008496727,11256.045269245573,0.0,32530.43563780225,0.0,28255.826006358868,35243.52119063721,18383.216374915544,14585.91155919386,0.0,11716.301927750523,35950.997112028825,49358.69229630717,20151.3874805855,0.0,24788.777849142163,0.0,26323.16821769881,8067.863401977127,18909.558586255473,0.0,25793.948954812135,42917.64413909044,41651.33932336877,54108.03450764711,28581.72969192543,48244.424876203775,42987.12006048208,84768.8152447604,70187.51042903872,83127.20561331707,105993.90079759539,72582.59598187373,66279.29116615203,86907.98635043036,124283.6815347087,78532.37671898703,98232.07190326533,89568.76708754367,136987.46227182198,95087.15745610034,154143.85264037867,143614.54782465697,135543.24300893533,114088.93819321363,112362.63337749195,81151.3285617703,126533.02374604864,92094.71893032696,97003.41411460527,92955.10929888359,105028.80448316193,47581.499667440235,49411.19485171858,79898.89003599693,67322.58522027523,80384.28040455356,94359.97558883188,97367.67077311024,87692.36595738854,89410.06114166687,60942.7563259452,93527.45151022352,147702.14669450183,92431.84187878018,90504.53706305851,100197.23224733684,78496.92743161516,51372.62261589347,68533.31780017182,81404.01298445015,60504.70816872848,64737.4033530068,43010.098537285114,83813.79372156344,77183.48890584178,88054.18409012009,74844.87927439844,98295.57445867675,115739.26964295509,91225.96482723343,69792.66001151173,,
30,0.0,0.0,0.0,0.0,0.0,0.0,0.0,0.0,0.0,0.0,0.0,0.0,0.0,22285.216374915544,0.0,52405.606743472206,0.0,42793.997112028825,51731.69229630717,71976.3874805855,47346.08266486383,57952.77784914216,98231.47303342047,106800.16821769881,118017.86340197713,104300.55858625547,96706.2537705338,124197.94895481213,78405.64413909044,49817.33932336877,61350.03450764711,57148.72969192543,78684.42487620378,70215.12006048208,72050.8152447604,65350.510429038724,81059.20561331707,0.0,49115.59598187373,46653.291166152034,32387.986350430365,44333.681534708696,71301.37671898703,86789.07190326533,60818.767087543674,89254.46227182199,60378.157456100336,74255.85264037867,46346.54782465697,66657.24300893533,84118.93819321363,86687.63337749195,85536.3285617703,83178.02374604864,72336.71893032696,98150.41411460527,99588.10929888359,114345.80448316193,86255.49966744024,88398.19485171858,88791.89003599693,86786.58522027523,73135.28040455356,98364.97558883188,87810.67077311024,98849.36595738854,88497.06114166687,81344.7563259452,79336.45151022352,114059.14669450183,75750.84187878018,72546.53706305851,67030.23224733684,72361.92743161516,57228.62261589347,71462.31780017182,86742.01298445015,95182.70816872848,56533.4033530068,84868.09853728511,113362.79372156344,84972.48890584178,89757.18409012009,56857.87927439844,106457.57445867675,82102.26964295509,85795.96482723343,82678.66001151173,,
31,0.0,0.0,0.0,0.0,0.0,0.0,0.0,0.0,0.0,0.0,0.0,0.0,0.0,0.0,0.0,0.0,0.0,0.0,0.0,0.0,0.0,0.0,0.0,0.0,0.0,0.0,0.0,0.0,0.0,0.0,32668.034507647113,0.0,0.0,45907.12006048208,0.0,19184.510429038724,49772.20561331707,19681.900797595386,44755.59598187373,55784.291166152034,31966.986350430365,45165.681534708696,46241.37671898703,32390.07190326533,59562.767087543674,76391.46227182199,55341.157456100336,84788.85264037867,93697.54782465697,99609.24300893533,102735.93819321363,101966.63337749195,92808.3285617703,112411.02374604864,87694.71893032696,127273.41411460527,136817.1092988836,171189.80448316195,191742.49966744025,182954.19485171858,155511.8900359969,162164.5852202752,187067.28040455357,185256.97558883188,209770.67077311024,170701.36595738854,127600.06114166687,147803.7563259452,128998.45151022352,143218.14669450183,140239.84187878016,106751.53706305851,130302.23224733684,129791.92743161516,98180.62261589347,105771.31780017182,116554.01298445015,88470.70816872848,87584.4033530068,120570.09853728511,96170.79372156344,87467.48890584178,97447.18409012009,110201.87927439844,94833.57445867675,109014.26964295509,91490.96482723343,,,
32,0.0,0.0,0.0,0.0,0.0,0.0,0.0,0.0,0.0,0.0,0.0,0.0,0.0,0.0,0.0,0.0,0.0,0.0,0.0,0.0,0.0,0.0,0.0,0.0,0.0,4530.558586255473,11218.253770533804,31151.948954812135,40254.64413909044,37867.33932336877,0.0,77676.72969192543,71446.42487620378,85767.12006048208,73884.8152447604,73637.51042903872,74303.20561331707,55760.90079759539,74292.59598187373,93731.29116615203,90946.98635043036,84997.6815347087,79577.37671898703,74365.07190326533,63082.767087543674,77251.46227182199,63102.157456100336,91966.85264037867,71289.54782465697,55277.24300893533,66715.93819321363,91997.63337749195,80082.3285617703,120120.02374604864,122185.71893032696,120649.41411460527,139440.1092988836,149473.80448316195,163913.49966744025,121373.19485171858,166818.8900359969,151226.5852202752,159521.28040455357,167853.97558883188,197784.67077311024,194505.36595738854,182579.06114166687,140302.7563259452,182525.4515102235,101064.14669450183,130546.84187878018,165610.53706305852,99997.23224733684,107422.92743161516,82946.62261589347,92214.31780017182,82634.01298445015,77356.70816872848,77024.4033530068,65251.098537285114,49383.793721563445,53371.488905841776,57108.18409012009,46081.87927439844,36161.574458676754,27194.269642955085,55558.96482723343,68826.66001151173,,
33,0.0,0.0,0.0,0.0,0.0,0.0,0.0,0.0,0.0,0.0,0.0,0.0,0.0,0.0,0.0,0.0,0.0,0.0,0.0,0.0,0.0,0.0,17231.082664863832,22646.777849142163,0.0,22101.16821769881,18067.863401977127,30904.558586255473,27297.253770533804,52007.948954812135,52659.64413909044,49637.33932336877,60358.03450764711,71863.72969192543,43061.424876203775,43446.12006048208,100043.8152447604,89623.51042903872,81678.20561331707,71838.90079759539,74565.59598187373,95494.29116615203,94799.98635043036,83133.6815347087,73884.37671898703,76978.07190326533,70670.76708754367,84492.46227182199,68596.15745610034,107913.85264037867,105421.54782465697,87660.24300893533,110004.93819321363,127658.63337749195,114918.3285617703,82063.02374604864,87317.71893032696,109262.41411460527,82024.10929888359,98285.80448316193,91333.49966744024,61259.19485171858,112152.89003599693,92356.58522027523,91940.28040455356,96017.97558883188,100626.67077311024,105850.36595738854,94258.06114166687,128519.7563259452,92123.45151022352,126423.14669450183,86864.84187878018,119880.53706305851,115787.23224733684,135193.92743161516,176812.6226158935,139807.31780017182,169543.01298445015,106331.70816872848,104700.4033530068,152941.0985372851,73612.79372156344,85552.48890584178,70052.18409012009,104957.87927439844,85757.57445867675,119414.26964295509,87688.96482723343,115253.66001151173
34,0.0,0.0,0.0,0.0,0.0,577.6750424836355,1155.350084967271,0.0,0.0,0.0,0.0,0.0,0.0,0.0,0.0,0.0,0.0,0.0,0.0,0.0,0.0,0.0,0.0,0.0,26761.863401977127,0.0,23519.253770533804,24717.948954812135,59325.64413909044,48391.33932336877,72479.03450764711,63738.72969192543,79495.42487620378,86505.12006048208,66529.8152447604,105984.51042903872,82310.20561331707,77796.90079759539,98785.59598187373,87051.29116615203,91170.98635043036,112488.6815347087,79763.37671898703,61760.07190326533,88543.76708754367,99643.46227182199,69419.15745610034,124282.85264037867,141253.54782465697,148935.24300893533,109402.93819321363,164900.63337749196,153584.3285617703,139626.02374604862,125193.71893032696,110772.41411460527,114607.10929888359,150096.80448316195,65417.499667440235,131386.19485171858,94377.89003599693,110127.58522027523,144629.28040455357,119423.97558883188,102568.67077311024,161092.36595738854,141957.06114166687,104427.7563259452,149283.4515102235,119399.14669450183,72201.84187878018,94517.53706305851,120190.23224733684,156807.92743161516,103597.62261589347,133905.31780017182,111181.01298445015,64952.70816872848,77284.4033530068,91181.09853728511,87211.79372156344,41054.488905841776,31449.184090120092,34078.87927439844,52756.574458676754,30485.269642955085,0.0,23856.660011511733,,
35,0.0,0.0,0.0,0.0,0.0,0.0,0.0,0.0,0.0,0.0,0.0,37369.82600635887,0.0,0.0,0.0,16916.606743472206,37060.30192775052,35347.997112028825,0.0,72990.3874805855,0.0,40905.77784914216,45242.473033420465,39481.16821769881,48247.86340197713,51356.55858625547,71914.2537705338,70528.94895481213,73581.64413909044,67032.33932336877,89935.03450764711,65134.72969192543,93077.42487620378,74961.12006048208,77484.8152447604,101395.51042903872,124269.20561331707,138032.9007975954,117655.59598187373,98260.29116615203,90345.98635043036,90997.6815347087,101701.37671898703,93108.07190326533,75289.76708754367,76486.46227182199,105423.15745610034,56917.85264037867,107258.54782465697,86851.24300893533,84984.93819321363,82849.63337749195,75592.3285617703,72588.02374604864,69734.71893032696,65803.41411460527,60119.10929888359,65331.80448316193,93360.49966744024,76261.19485171858,31571.890035996927,70214.58522027523,68737.28040455356,65568.97558883188,47647.670773110236,59942.36595738854,80530.06114166687,110141.7563259452,124660.45151022352,76797.14669450183,105912.84187878018,97317.53706305851,109884.23224733684,123248.92743161516,86056.62261589347,125712.31780017182,142055.01298445015,94509.70816872848,137358.4033530068,112662.09853728511,80356.79372156344,67640.48890584178,112904.18409012009,93301.87927439844,112712.57445867675,97815.26964295509,56015.96482723343,85022.66001151173,,
36,0.0,0.0,0.0,0.0,0.0,0.0,0.0,0.0,0.0,0.0,0.0,0.0,0.0,0.0,0.0,0.0,0.0,0.0,0.0,0.0,35047.08266486383,0.0,20431.473033420465,0.0,37308.86340197713,27640.558586255473,27948.253770533804,40994.948954812135,26639.644139090437,66104.33932336877,66509.03450764711,33144.72969192543,71729.42487620378,62686.12006048208,70252.8152447604,51512.510429038724,92959.20561331707,71502.90079759539,108595.59598187373,112758.29116615203,116146.98635043036,102805.6815347087,91373.37671898703,115787.07190326533,115990.76708754367,78316.46227182199,89488.15745610034,93060.85264037867,111111.54782465697,146954.24300893533,114618.93819321363,155272.63337749196,163464.3285617703,123032.02374604864,116557.71893032696,117704.41411460527,131522.1092988836,120962.80448316193,134336.49966744025,129080.19485171858,125167.89003599693,95094.58522027523,102131.28040455356,136055.97558883188,97328.67077311024,100109.36595738854,129915.06114166687,85547.7563259452,89163.45151022352,73296.14669450183,91171.84187878018,114923.53706305851,86910.23224733684,104304.92743161516,107819.62261589347,86940.31780017182,94121.01298445015,97381.70816872848,100548.4033530068,122371.09853728511,99005.79372156344,114856.48890584178,72615.18409012009,53519.87927439844,75770.57445867675,104086.26964295509,61679.96482723343,81269.66001151173,,
37,0.0,0.0,0.0,0.0,0.0,0.0,0.0,0.0,0.0,0.0,0.0,0.0,4170.130822080566,18413.826006358868,30861.521190637213,31034.216374915544,38689.91155919386,85542.6067434722,81475.30192775052,88735.99711202882,153969.69229630718,107905.3874805855,121889.08266486383,94933.77784914216,107995.47303342047,112291.16821769881,104905.86340197713,144407.55858625547,144851.2537705338,164106.94895481213,151848.64413909044,124741.33932336877,107122.03450764711,121644.72969192543,110471.42487620378,103710.12006048208,49108.81524476039,46180.510429038724,65347.20561331707,115902.90079759539,98916.59598187373,80393.29116615203,88291.98635043036,95297.6815347087,75918.37671898703,104510.07190326533,135542.76708754367,111880.46227182199,106897.15745610034,110658.85264037867,110838.54782465697,94373.24300893533,90808.93819321363,88604.63337749195,135430.3285617703,127660.02374604864,104720.71893032696,88886.41411460527,156932.1092988836,133490.80448316195,142699.49966744025,119576.19485171858,119560.89003599693,125206.58522027523,118770.28040455356,85687.97558883188,80176.67077311024,75272.36595738854,81586.06114166687,62187.7563259452,58611.45151022352,84232.14669450183,80156.84187878018,65879.53706305851,65311.23224733684,65760.92743161516,75493.62261589347,31461.31780017182,42400.01298445015,11914.70816872848,26401.403353006797,0.0,8191.793721563445,0.0,0.0,7872.879274398438,0.0,0.0,5186.964827233431,0.0
38,0.0,0.0,0.0,0.0,0.0,0.0,0.0,0.0,0.0,0.0,0.0,37795.43563780225,5668.130822080566,5879.826006358868,13083.521190637213,17924.216374915544,74634.91155919386,32719.606743472206,47409.30192775052,69114.99711202882,69700.69229630717,61089.3874805855,70937.08266486383,99161.77784914216,79101.47303342047,156638.1682176988,128180.86340197713,120632.55858625547,112675.2537705338,76067.94895481213,79774.64413909044,90405.33932336877,128166.03450764711,121035.72969192543,99961.42487620378,134098.12006048206,114902.8152447604,124160.51042903872,150495.20561331708,197794.9007975954,167855.59598187375,222067.29116615205,165944.98635043035,100365.6815347087,166514.376718987,197892.0719032653,157531.76708754367,117278.46227182199,137634.15745610034,114161.85264037867,98837.54782465697,126008.24300893533,112536.93819321363,98510.63337749195,114734.3285617703,106914.02374604864,85173.71893032696,77471.41411460527,88230.10929888359,128819.80448316193,79782.49966744024,84933.19485171858,77023.89003599693,100230.58522027523,57749.28040455356,74802.97558883188,49891.670773110236,74652.36595738854,49350.06114166687,57896.7563259452,59662.45151022352,46494.14669450183,55464.84187878018,36346.53706305851,17014.23224733684,46317.92743161516,24450.622615893473,38708.31780017182,0.0,41003.70816872848,39654.4033530068,42926.098537285114,25112.793721563445,25089.488905841776,13266.184090120092,4867.879274398438,42044.574458676754,0.0,39174.96482723343,58574.66001151173
39,0.0,0.0,0.0,0.0,0.0,0.0,0.0,0.0,0.0,0.0,0.0,0.0,0.0,0.0,0.0,0.0,0.0,0.0,43375.77784914216,38108.473033420465,74257.16821769881,58315.86340197713,74779.55858625547,103389.2537705338,101561.94895481213,113544.64413909044,97745.33932336877,112549.03450764711,113447.72969192543,96130.42487620378,106550.12006048208,136312.8152447604,87855.51042903872,95180.20561331707,112960.90079759539,96846.59598187373,119135.29116615203,153675.98635043035,150605.6815347087,120689.37671898703,94578.07190326533,122954.76708754367,143447.46227182198,99697.15745610034,88760.85264037867,67710.54782465697,92538.24300893533,114411.93819321363,116277.63337749195,158806.3285617703,88422.02374604864,89248.71893032696,119832.41411460527,146987.1092988836,144603.80448316195,98210.49966744024,123175.19485171858,66148.89003599693,68181.58522027523,45613.28040455356,64655.975588831876,63861.670773110236,62060.36595738854,57750.06114166687,68814.7563259452,94489.45151022352,94467.14669450183,51566.84187878018,60172.53706305851,52512.23224733684,43873.92743161516,59796.62261589347,68330.31780017182,62839.01298445015,96565.70816872848,75066.4033530068,98353.09853728511,69814.79372156344,95250.48890584178,76054.18409012009,99864.87927439844,68169.57445867675,109492.26964295509,63106.96482723343,64499.66001151173,,,,,
40,0.0,0.0,0.0,0.0,0.0,0.0,0.0,0.0,0.0,0.0,0.0,0.0,0.0,0.0,0.0,0.0,0.0,0.0,0.0,0.0,0.0,0.0,0.0,0.0,0.0,0.0,0.0,0.0,0.0,26291.948954812135,29907.644139090437,31550.339323368768,53242.03450764711,72979.72969192543,69408.42487620378,50880.12006048208,115342.8152447604,98643.51042903872,124654.20561331707,123187.90079759539,145630.59598187375,96998.29116615203,146271.98635043035,114235.6815347087,170982.376718987,135927.0719032653,206967.76708754367,162822.46227182198,156841.15745610034,161217.85264037867,138392.54782465697,151100.24300893533,156305.93819321363,132368.63337749196,187286.3285617703,86476.02374604864,95251.71893032696,103844.41411460527,128807.10929888359,90422.80448316193,104665.49966744024,117241.19485171858,67172.89003599693,75904.58522027523,77374.28040455356,68304.97558883188,97012.67077311024,107810.36595738854,94354.06114166687,52292.7563259452,77783.45151022352,80519.14669450183,118593.84187878018,135286.53706305852,101204.23224733684,115520.92743161516,73878.62261589347,98974.31780017182,137283.01298445015,137083.70816872848,96878.4033530068,141141.0985372851,136112.79372156344,137123.48890584178,118962.18409012009,108166.87927439844,79309.57445867675,66153.26964295509,87893.96482723343,
41,0.0,0.0,0.0,0.0,0.0,0.0,0.0,0.0,0.0,0.0,0.0,0.0,0.0,0.0,0.0,126719.21637491554,0.0,0.0,0.0,0.0,0.0,12760.387480585501,29786.082664863832,23165.777849142163,61565.473033420465,72128.16821769881,50487.86340197713,66633.55858625547,29209.253770533804,85927.94895481213,115160.64413909044,80363.33932336877,84594.03450764711,127308.72969192543,117163.42487620378,111661.12006048208,108647.8152447604,135085.51042903872,148296.20561331708,111070.90079759539,108113.59598187373,114659.29116615203,103831.98635043036,119745.6815347087,122933.37671898703,85807.07190326533,97575.76708754367,88857.46227182199,107550.15745610034,110653.85264037867,101587.54782465697,95642.24300893533,106423.93819321363,127689.63337749195,100099.3285617703,98385.02374604864,88565.71893032696,109748.41411460527,89244.10929888359,138030.80448316195,133026.49966744025,113399.19485171858,132749.8900359969,119755.58522027523,116103.28040455356,106045.97558883188,209797.67077311024,99074.36595738854,100666.06114166687,110622.7563259452,150814.4515102235,106474.14669450183,115320.84187878018,125601.53706305851,94809.23224733684,78606.92743161516,96140.62261589347,103125.31780017182,73884.01298445015,77853.70816872848,94258.4033530068,92141.09853728511,45023.793721563445,52356.488905841776,33976.18409012009,65507.87927439844,81438.57445867675,10701.269642955085,28974.96482723343,0.0
42,0.0,0.0,0.0,0.0,0.0,0.0,0.0,0.0,0.0,0.0,0.0,0.0,0.0,0.0,23857.521190637213,28099.216374915544,60216.91155919386,74557.6067434722,61435.30192775052,86731.99711202882,80943.69229630717,48002.3874805855,54098.08266486383,70115.77784914216,109783.47303342047,68483.16821769881,97599.86340197713,117439.55858625547,70450.2537705338,104713.94895481213,69729.64413909044,108460.33932336877,117350.03450764711,136838.72969192543,85291.42487620378,95426.12006048208,44263.81524476039,120012.51042903872,59377.20561331707,84056.90079759539,88957.59598187373,111632.29116615203,67809.98635043036,74245.6815347087,59417.37671898703,87009.07190326533,87031.76708754367,110057.46227182199,69341.15745610034,71712.85264037867,119581.54782465697,77219.24300893533,92653.93819321363,85361.63337749195,107644.3285617703,97758.02374604864,63674.718930326955,83766.41411460527,91502.10929888359,69878.80448316193,81568.49966744024,112566.19485171858,104609.89003599693,93086.58522027523,55295.28040455356,122739.97558883188,95353.67077311024,103407.36595738854,112902.06114166687,94453.7563259452,80758.45151022352,80354.14669450183,117618.84187878018,90814.53706305851,122741.23224733684,83568.92743161516,78015.62261589347,56246.31780017182,72292.01298445015,96622.70816872848,57120.4033530068,77338.09853728511,122546.79372156344,100039.48890584178,111352.18409012009,90925.87927439844,99847.57445867675,138381.2696429551,69579.96482723343,68648.66001151173
43,0.0,0.0,0.0,0.0,0.0,0.0,0.0,0.0,0.0,0.0,0.0,0.0,0.0,0.0,0.0,0.0,0.0,0.0,0.0,0.0,0.0,0.0,0.0,0.0,0.0,0.0,23039.253770533804,0.0,32857.64413909044,48452.33932336877,32577.034507647113,78007.72969192543,52217.424876203775,50705.12006048208,92816.8152447604,81223.51042903872,69961.20561331707,81065.90079759539,78824.59598187373,101330.29116615203,131246.98635043035,119351.6815347087,119642.37671898703,116712.07190326533,147514.76708754367,185804.46227182198,189414.15745610034,113896.85264037867,129500.54782465697,134852.24300893533,149729.93819321363,152774.63337749196,146938.3285617703,99363.02374604864,108782.71893032696,135479.4141146053,131720.1092988836,155480.80448316195,132984.49966744025,160826.19485171858,137424.8900359969,146468.5852202752,132422.28040455357,109910.97558883188,115997.67077311024,121088.36595738854,123839.06114166687,136656.7563259452,134070.4515102235,96999.14669450183,122700.84187878018,86762.53706305851,110893.23224733684,90161.92743161516,122421.62261589347,99546.31780017182,120372.01298445015,87690.70816872848,77965.4033530068,121673.09853728511,66833.79372156344,74744.48890584178,76147.18409012009,70825.87927439844,80949.57445867675,54039.269642955085,87405.96482723343,58458.66001151173,,
44,0.0,0.0,0.0,0.0,0.0,0.0,0.0,0.0,0.0,0.0,0.0,0.0,0.0,0.0,0.0,0.0,0.0,0.0,0.0,0.0,0.0,0.0,0.0,0.0,0.0,0.0,0.0,0.0,0.0,0.0,0.0,0.0,0.0,16728.120060482077,18111.815244760393,16066.510429038724,39821.20561331707,18045.900797595386,35642.59598187373,39920.291166152034,59604.986350430365,45775.681534708696,71372.37671898703,63165.07190326533,65511.767087543674,94672.46227182199,73744.15745610034,91703.85264037867,89928.047824657,88152.24300893533,89284.93819321363,88118.63337749195,128479.3285617703,117659.02374604864,133700.71893032696,157225.4141146053,164776.1092988836,169535.80448316195,134266.49966744025,175909.19485171858,167885.8900359969,138325.5852202752,162349.28040455357,160548.97558883188,136668.67077311024,202323.36595738854,165815.06114166687,178766.7563259452,166242.4515102235,133051.14669450183,184337.84187878016,148687.53706305852,140559.23224733683,100072.92743161516,136679.6226158935,163016.31780017182,202867.01298445015,187493.70816872848,221249.4033530068,150533.0985372851,147068.79372156344,123734.48890584178,119571.18409012009,127682.87927439844,146230.57445867674,106204.26964295509,92013.96482723343,58051.66001151173,,
45,0.0,0.0,0.0,0.0,0.0,0.0,0.0,0.0,0.0,0.0,22038.740453523904,0.0,0.0,0.0,0.0,39616.216374915544,31949.91155919386,46899.606743472206,40213.30192775052,35397.997112028825,45755.69229630717,60655.3874805855,60899.08266486383,38675.77784914216,59524.473033420465,69970.16821769881,66655.86340197713,83930.55858625547,69394.2537705338,68838.94895481213,105553.64413909044,73191.33932336877,57496.03450764711,78454.72969192543,83591.42487620378,85701.12006048208,88235.8152447604,103685.51042903872,84182.20561331707,96314.90079759539,89809.59598187373,74902.29116615203,59147.986350430365,80330.6815347087,91560.37671898703,81560.07190326533,44726.767087543674,104729.46227182199,90364.15745610034,92127.85264037867,101247.54782465697,106292.24300893533,97989.93819321363,88609.63337749195,90922.3285617703,82205.02374604864,101468.71893032696,81504.41411460527,84279.10929888359,115536.80448316193,113161.49966744024,78942.19485171858,123235.89003599693,102702.58522027523,96211.28040455356,101247.97558883188,119609.67077311024,127098.36595738854,127215.06114166687,114402.7563259452,120480.45151022352,134443.14669450183,164277.84187878016,142865.53706305852,119662.23224733684,130824.92743161516,112858.62261589347,111566.31780017182,128766.01298445015,133369.70816872848,129386.4033530068,122057.09853728511,102355.79372156344,80156.48890584178,122236.18409012009,84016.87927439844,32231.574458676754,53421.269642955085,43394.96482723343,31113.660011511733
46,0.0,0.0,0.0,0.0,0.0,0.0,0.0,0.0,0.0,0.0,0.0,0.0,0.0,0.0,0.0,0.0,0.0,29664.082664863832,35090.77784914216,44000.473033420465,41452.16821769881,39517.86340197713,40105.55858625547,61417.2537705338,60349.948954812135,63351.64413909044,56869.33932336877,59020.03450764711,84072.72969192543,49034.424876203775,85719.12006048208,110612.8152447604,105513.51042903872,119105.20561331707,102747.90079759539,69260.59598187373,155713.29116615205,138992.98635043035,122920.6815347087,138066.376718987,84464.07190326533,93836.76708754367,86251.46227182199,71339.15745610034,113782.85264037867,111351.54782465697,119879.24300893533,125372.93819321363,127433.63337749195,80415.3285617703,94514.02374604864,113233.71893032696,114151.41411460527,83119.10929888359,95865.80448316193,102462.49966744024,118253.19485171858,133389.8900359969,84578.58522027523,121891.28040455356,103076.97558883188,98329.67077311024,91993.36595738854,87244.06114166687,107840.7563259452,115541.45151022352,101758.14669450183,88652.84187878018,76447.53706305851,165170.23224733683,125624.92743161516,131790.6226158935,159479.31780017182,117555.01298445015,106126.70816872848,117960.4033530068,105384.09853728511,101842.79372156344,76231.48890584178,74206.18409012009,61998.87927439844,54608.574458676754,51757.269642955085,95950.96482723343,71092.66001151173,,,,,
47,0.0,0.0,0.0,0.0,0.0,0.0,0.0,0.0,0.0,0.0,0.0,0.0,0.0,0.0,0.0,0.0,27750.301927750523,0.0,0.0,0.0,0.0,0.0,0.0,0.0,14616.863401977127,0.0,0.0,0.0,71336.64413909044,45422.33932336877,73926.03450764711,113708.72969192543,94815.42487620378,99186.12006048208,76297.8152447604,95354.51042903872,74150.20561331707,103599.90079759539,105221.59598187373,117042.29116615203,132571.98635043035,117497.6815347087,143051.376718987,111246.07190326533,156786.76708754367,99221.46227182199,148350.15745610034,113302.85264037867,104786.54782465697,143764.24300893533,83673.93819321363,118533.63337749195,131322.3285617703,119926.02374604864,122734.71893032696,92230.41411460527,86016.10929888359,104806.80448316193,106176.49966744024,105781.19485171858,128513.89003599693,76731.58522027523,94799.28040455356,161877.97558883188,138369.67077311024,132320.36595738854,148596.06114166687,143660.7563259452,157773.4515102235,136422.14669450183,116176.84187878018,122305.53706305851,135994.23224733683,135456.92743161516,105694.62261589347,110828.31780017182,144930.01298445015,130606.70816872848,135326.4033530068,52923.098537285114,97020.79372156344,100048.48890584178,66406.18409012009,86455.87927439844,79408.57445867675,73885.26964295509,136420.96482723343,71460.66001151173,,
48,0.0,0.0,0.0,0.0,0.0,0.0,0.0,0.0,0.0,43497.43563780225,0.0,0.0,32456.521190637213,7379.216374915544,62789.91155919386,49829.606743472206,39063.30192775052,50755.997112028825,77827.69229630717,0.0,59764.08266486383,72923.77784914216,63752.473033420465,57270.16821769881,73986.86340197713,86946.55858625547,83327.2537705338,101217.94895481213,127735.64413909044,106032.33932336877,115786.03450764711,147818.72969192543,121100.42487620378,184142.12006048206,138236.8152447604,123284.51042903872,181927.20561331708,179686.9007975954,146421.59598187375,145643.29116615205,113103.98635043036,208001.6815347087,197167.376718987,103185.07190326533,139128.76708754367,172624.46227182198,148118.15745610034,115845.85264037867,191819.54782465697,110391.24300893533,164247.93819321363,118639.63337749195,136529.3285617703,134824.02374604862,139549.71893032696,161887.4141146053,158528.1092988836,169809.80448316195,83143.49966744024,120605.19485171858,108045.89003599693,97429.58522027523,105415.28040455356,80921.97558883188,76910.67077311024,113945.36595738854,66605.06114166687,111411.7563259452,71996.45151022352,59504.14669450183,39587.84187878018,0.0,26175.23224733684,41041.92743161516,0.0,0.0,48767.01298445015,49896.70816872848,4374.403353006797,0.0,18807.793721563445,18917.488905841776,42692.18409012009,13875.879274398438,0.0,0.0,0.0,3645.6600115117326,,
49,0.0,0.0,0.0,0.0,0.0,0.0,0.0,0.0,0.0,0.0,0.0,0.0,15871.130822080566,0.0,10336.521190637213,7383.216374915544,27614.91155919386,23996.606743472206,20310.301927750523,40327.997112028825,27818.69229630717,63547.3874805855,61986.08266486383,43247.77784914216,79011.47303342047,71001.16821769881,83871.86340197713,73177.55858625547,77216.2537705338,63497.948954812135,64784.64413909044,63728.33932336877,63385.03450764711,58801.72969192543,65859.42487620378,88545.12006048208,89147.8152447604,98306.51042903872,74072.20561331707,56951.90079759539,70881.59598187373,54147.291166152034,77817.98635043036,59025.681534708696,61620.37671898703,66782.07190326533,58979.767087543674,56121.46227182199,70421.15745610034,50309.85264037867,51763.54782465697,78046.24300893533,103287.93819321363,88432.63337749195,111477.3285617703,121136.02374604864,124453.71893032696,123353.41411460527,139978.1092988836,133620.80448316195,149781.49966744025,150198.19485171858,106639.89003599693,148501.5852202752,167788.28040455357,195522.97558883188,153475.67077311024,142854.36595738854,219865.06114166687,201740.7563259452,190787.4515102235,247182.14669450183,156266.84187878016,157516.53706305852,133603.23224733683,183726.92743161516,161438.6226158935,133165.31780017182,143835.01298445015,98811.70816872848,123071.4033530068,42769.098537285114,68960.79372156344,51302.488905841776,76682.18409012009,29947.879274398438,53818.574458676754,13631.269642955085,12377.96482723343,5598.660011511733
50,0.0,0.0,0.0,0.0,0.0,0.0,0.0,0.0,0.0,0.0,0.0,0.0,27836.521190637213,22878.216374915544,0.0,0.0,42664.30192775052,0.0,63826.69229630717,0.0,18909.082664863832,0.0,25810.473033420465,25910.16821769881,16033.863401977127,0.0,8691.253770533804,41471.948954812135,18972.644139090437,35088.33932336877,36086.03450764711,48073.72969192543,40352.424876203775,59264.12006048208,62668.81524476039,73574.51042903872,67639.20561331707,26850.900797595386,41125.59598187373,69236.29116615203,55210.986350430365,45987.681534708696,25578.376718987027,36904.07190326535,48229.767087543674,76075.46227182199,109716.15745610034,96793.85264037867,70820.54782465697,71880.24300893533,82156.93819321363,130559.63337749195,94896.3285617703,143185.02374604862,105530.71893032696,103608.41411460527,107145.10929888359,137492.80448316195,132537.49966744025,152359.19485171858,127806.89003599693,146343.5852202752,170077.28040455357,172847.97558883188,201855.67077311024,227932.36595738854,177166.06114166687,163299.7563259452,132632.4515102235,149597.14669450183,166186.84187878016,181741.53706305852,156279.23224733683,152674.92743161516,169136.6226158935,173100.31780017182,199075.01298445015,104785.70816872848,195758.4033530068,137661.0985372851,89089.79372156344,108532.48890584178,136916.18409012008,144813.87927439844,114695.57445867675,150222.2696429551,154906.96482723343,154861.66001151173,,
51,0.0,0.0,0.0,0.0,0.0,0.0,0.0,0.0,0.0,0.0,0.0,18797.43563780225,24955.130822080566,0.0,0.0,28273.216374915544,12216.91155919386,58223.606743472206,21094.301927750523,35343.997112028825,67626.69229630717,70235.3874805855,96534.08266486383,92161.77784914216,110901.47303342047,106139.16821769881,95923.86340197713,102746.55858625547,79216.2537705338,109806.94895481213,141326.64413909044,111590.33932336877,144490.0345076471,147208.72969192543,128547.42487620378,111076.12006048208,106893.8152447604,112091.51042903872,54265.20561331707,94847.90079759539,66566.59598187373,58445.291166152034,74761.98635043036,102730.6815347087,88405.37671898703,71157.07190326533,44079.767087543674,80655.46227182199,59360.157456100336,56632.85264037867,78453.54782465697,74237.24300893533,80256.93819321363,80819.63337749195,94847.3285617703,83255.02374604864,113187.71893032696,57671.41411460527,109455.10929888359,106256.80448316193,87093.49966744024,131433.19485171858,85637.89003599693,109740.58522027523,112931.28040455356,152388.97558883188,148998.67077311024,107446.36595738854,144780.06114166687,114251.7563259452,117963.45151022352,169340.14669450183,125877.84187878018,136873.53706305852,89638.23224733684,83565.92743161516,99970.62261589347,111364.31780017182,88355.01298445015,149204.70816872848,129752.4033530068,133822.0985372851,127870.79372156344,124521.48890584178,120132.18409012009,89338.87927439844,100659.57445867675,82549.26964295509,64351.96482723343,76720.66001151173
52,0.0,0.0,0.0,0.0,0.0,0.0,0.0,0.0,0.0,0.0,0.0,0.0,0.0,0.0,0.0,0.0,0.0,0.0,0.0,0.0,0.0,0.0,0.0,28162.16821769881,19835.863401977127,47937.55858625547,68797.2537705338,56641.948954812135,75073.64413909044,81281.33932336877,105606.03450764711,67827.72969192543,86646.42487620378,71235.12006048208,108166.8152447604,96963.51042903872,95133.20561331707,96164.90079759539,91723.59598187373,88496.29116615203,112483.98635043036,114520.6815347087,125291.37671898703,111611.07190326533,115529.76708754367,87777.46227182199,129157.15745610034,98706.85264037867,111780.54782465697,121802.24300893533,108052.93819321363,92763.63337749195,137786.3285617703,108287.02374604864,124462.71893032696,123439.41411460527,156436.1092988836,150867.80448316195,149895.49966744025,162696.19485171858,136655.8900359969,148702.5852202752,137554.28040455357,171854.97558883188,145874.67077311024,74203.36595738854,119712.06114166687,156352.7563259452,158662.4515102235,147673.14669450183,144206.84187878016,137223.53706305852,153641.23224733683,112115.92743161516,78533.62261589347,145328.31780017182,126462.01298445015,88490.70816872848,113795.4033530068,79985.09853728511,120629.79372156344,87234.57445867675,149284.18409012008,104577.87927439844,111844.66001151173,,,,,
53,0.0,0.0,0.0,0.0,0.0,0.0,0.0,0.0,0.0,0.0,0.0,0.0,0.0,0.0,0.0,0.0,13279.301927750523,0.0,31132.69229630717,0.0,17654.082664863832,0.0,30069.473033420465,10425.16821769881,59238.86340197713,19157.558586255473,49701.2537705338,25362.948954812135,27469.644139090437,47704.33932336877,57500.03450764711,87767.72969192543,50626.424876203775,12003.120060482077,96383.8152447604,73328.51042903872,42384.20561331707,69337.90079759539,86399.59598187373,74354.29116615203,108095.98635043036,100525.6815347087,77423.37671898703,57275.07190326533,89661.76708754367,118520.46227182199,108647.15745610034,140909.85264037867,124035.54782465697,146662.24300893533,118121.93819321363,134037.63337749196,181855.3285617703,181623.02374604862,128975.71893032696,151176.4141146053,139982.1092988836,118204.80448316193,144774.49966744025,169613.19485171858,168849.8900359969,137179.5852202752,179104.28040455357,142010.97558883188,176455.67077311024,152763.36595738854,125388.06114166687,126540.7563259452,129641.45151022352,117704.14669450183,142798.84187878016,145660.53706305852,180796.23224733683,142809.92743161516,138298.6226158935,92179.31780017182,136195.01298445015,175700.70816872848,117853.4033530068,140500.0985372851,102784.79372156344,130197.48890584178,128550.18409012009,66683.87927439844,91778.57445867675,110786.26964295509,122463.96482723343,111987.66001151173,,
54,0.0,0.0,0.0,0.0,0.0,0.0,0.0,0.0,0.0,0.0,0.0,0.0,0.0,0.0,0.0,0.0,0.0,0.0,0.0,42686.997112028825,21260.69229630717,38745.3874805855,29262.082664863832,15713.777849142163,32436.473033420465,36869.16821769881,24809.863401977127,32471.558586255473,35768.2537705338,28586.948954812135,50263.64413909045,71940.33932336877,66469.03450764711,75877.72969192543,87876.42487620378,82786.12006048208,43403.81524476039,65362.510429038724,87707.20561331707,97575.90079759539,95793.59598187373,92945.29116615203,114918.98635043036,117920.6815347087,115801.37671898703,174825.0719032653,162813.76708754367,144132.46227182198,163618.15745610034,172829.85264037867,126029.54782465697,157507.24300893533,156777.93819321363,129587.63337749195,150491.3285617703,173827.02374604862,131642.71893032696,127386.41411460527,168270.1092988836,162175.80448316195,170249.49966744025,126796.19485171858,146229.8900359969,113180.58522027523,149930.28040455357,108223.97558883188,111456.67077311024,144654.36595738854,92391.06114166687,151424.7563259452,130903.45151022352,128633.14669450183,109619.84187878018,87669.53706305851,170409.23224733683,140400.31780017182,138202.01298445015,94940.70816872848,139485.4033530068,107661.09853728511,122562.79372156344,113930.48890584178,86093.18409012009,99734.87927439844,98482.57445867675,103310.26964295509,92389.96482723343,92220.66001151173,,
55,0.0,0.0,0.0,0.0,0.0,0.0,0.0,0.0,0.0,0.0,0.0,0.0,0.0,0.0,0.0,0.0,0.0,0.0,0.0,0.0,0.0,3024.387480585501,0.0,0.0,0.0,0.0,64258.86340197713,16805.558586255473,46110.2537705338,35469.948954812135,912.6441390904365,24156.339323368768,26648.034507647113,77396.72969192543,72891.42487620378,80873.12006048208,39165.81524476039,84383.51042903872,90141.20561331707,112443.90079759539,77348.59598187373,94419.29116615203,98867.98635043036,90088.6815347087,111905.37671898703,99427.07190326533,112021.76708754367,120419.46227182199,152780.15745610034,145883.85264037867,173539.54782465697,118003.24300893533,176032.93819321363,139896.63337749196,185917.3285617703,168541.02374604862,205182.71893032696,174914.4141146053,184275.1092988836,172002.80448316195,203924.49966744025,184441.19485171858,148462.8900359969,169054.5852202752,171490.28040455357,211855.97558883188,151871.67077311024,119365.36595738854,157927.06114166687,125912.7563259452,177643.4515102235,167908.14669450183,107563.84187878018,105029.53706305851,91461.23224733684,121308.92743161516,100530.62261589347,121223.31780017182,78901.01298445015,133077.70816872848,115033.9033530068,96990.09853728511,113369.79372156344,90540.48890584178,87559.18409012009,124225.87927439844,98090.57445867675,104375.26964295509,95353.96482723343,106259.66001151173
56,0.0,0.0,0.0,0.0,0.0,0.0,0.0,0.0,0.0,0.0,0.0,0.0,0.0,0.0,0.0,0.0,0.0,0.0,0.0,0.0,7980.082664863832,0.0,17647.473033420465,0.0,0.0,0.0,0.0,52579.948954812135,82526.64413909044,55649.33932336877,89211.03450764711,77272.72969192543,53820.424876203775,35782.12006048208,43481.81524476039,39847.510429038724,34885.20561331707,39762.90079759539,70114.59598187373,67145.29116615203,83104.98635043036,37416.681534708696,100618.37671898703,62885.07190326533,75033.76708754367,74943.46227182199,136785.15745610034,88798.85264037867,147537.54782465697,142246.24300893533,161489.93819321363,147541.63337749196,159344.3285617703,141605.02374604862,226707.71893032696,146517.4141146053,186632.1092988836,198406.80448316195,199482.49966744025,167586.19485171858,195181.8900359969,199968.5852202752,252378.28040455357,219761.97558883188,225696.67077311024,185275.36595738854,149100.06114166687,157224.7563259452,159406.4515102235,137480.14669450183,148033.84187878016,123717.53706305851,115708.23224733684,162134.92743161516,98528.62261589347,135984.31780017182,156472.01298445015,121965.70816872848,151046.4033530068,88941.18409012009,71924.87927439844,111895.57445867675,65082.269642955085,73575.96482723343,84047.66001151173,,,,,
57,0.0,0.0,0.0,0.0,0.0,0.0,0.0,0.0,0.0,0.0,0.0,0.0,0.0,0.0,0.0,0.0,0.0,0.0,0.0,0.0,34848.08266486383,0.0,21679.473033420465,29580.16821769881,35129.86340197713,44909.55858625547,61318.2537705338,85200.94895481213,50139.64413909044,50338.33932336877,52563.03450764711,77531.72969192543,77067.42487620378,74068.12006048208,57539.81524476039,67941.51042903872,92299.20561331707,109130.90079759539,90827.59598187373,119764.29116615203,134219.98635043035,104103.6815347087,153185.376718987,167900.0719032653,162327.76708754367,126658.46227182199,124917.15745610034,140174.85264037867,130669.54782465697,188093.24300893533,110354.93819321363,137574.63337749196,111478.3285617703,147023.02374604862,120275.71893032696,147247.4141146053,178682.1092988836,135059.80448316195,132880.49966744025,136103.19485171858,97157.89003599693,102228.58522027523,70413.28040455356,110090.97558883188,107904.67077311024,127163.36595738854,109765.06114166687,91886.7563259452,65493.45151022352,91066.14669450183,98208.84187878018,125190.53706305851,141640.23224733683,114447.92743161516,100380.62261589347,156417.31780017182,120662.01298445015,161839.70816872848,146403.4033530068,128943.09853728511,142814.79372156344,186853.48890584178,96270.18409012009,120610.87927439844,137144.57445867674,144721.2696429551,107958.96482723343,104771.66001151173,,
58,0.0,0.0,0.0,0.0,0.0,0.0,0.0,0.0,0.0,42627.04526924557,26944.740453523904,22685.43563780225,41677.130822080566,61359.82600635887,25813.521190637213,67996.21637491554,28171.91155919386,92881.6067434722,87030.30192775052,110509.99711202882,136194.69229630718,161516.3874805855,118183.08266486383,155102.77784914215,167430.47303342045,177257.1682176988,136687.8634019771,137531.55858625547,136244.2537705338,143995.94895481213,150631.64413909044,125665.33932336877,183224.0345076471,200902.72969192543,173053.42487620376,160337.12006048206,124398.8152447604,169988.51042903872,87228.20561331707,122946.90079759539,122406.59598187373,101572.29116615203,102967.98635043036,89673.6815347087,92717.37671898703,58882.07190326533,71424.76708754367,90512.46227182199,81797.15745610034,46264.85264037867,79811.54782465697,27157.24300893533,54590.93819321363,90083.63337749195,98119.3285617703,82341.02374604864,86712.71893032696,102775.41411460527,95731.10929888359,140459.80448316195,122657.49966744024,69229.19485171858,48712.89003599693,79708.58522027523,83266.28040455356,80269.97558883188,98459.67077311024,109222.36595738854,68368.06114166687,74681.7563259452,58190.45151022352,83134.14669450183,101739.84187878018,61360.53706305851,67441.23224733684,82440.92743161516,86320.62261589347,83210.31780017182,93017.01298445015,81961.70816872848,88547.4033530068,82654.09853728511,72505.79372156344,38955.488905841776,46279.18409012009,113815.87927439844,82381.57445867675,86042.26964295509,77202.96482723343,63801.66001151173
59,0.0,0.0,0.0,0.0,0.0,0.0,0.0,0.0,27236.740453523904,0.0,0.0,0.0,0.0,0.0,0.0,0.0,0.0,0.0,0.0,0.0,0.0,0.0,0.0,0.0,0.0,0.0,0.0,0.0,16639.644139090437,0.0,49878.03450764711,20277.72969192543,37914.424876203775,51294.12006048208,61728.81524476039,49331.510429038724,56051.20561331707,89799.90079759539,92867.59598187373,108209.29116615203,75553.98635043036,91454.6815347087,60741.37671898703,71611.07190326533,91700.76708754367,87497.46227182199,76477.15745610034,101431.85264037867,106072.54782465697,119633.24300893533,134194.93819321363,164893.63337749196,115607.3285617703,127351.02374604864,176481.71893032696,167537.4141146053,152085.1092988836,181180.80448316195,174745.49966744025,189916.19485171858,183479.8900359969,181197.5852202752,238819.28040455357,176260.97558883188,176817.67077311024,164280.36595738854,146186.06114166687,222234.7563259452,147367.4515102235,152753.14669450183,170951.84187878016,161910.53706305852,133536.23224733683,141885.92743161516,136410.6226158935,165415.31780017182,204869.01298445015,154320.70816872848,175490.4033530068,135176.0985372851,179729.79372156344,115262.48890584178,149000.18409012008,160009.87927439844,97254.57445867675,131788.2696429551,175363.96482723343,193903.66001151173,,
60,0.0,0.0,0.0,0.0,0.0,0.0,0.0,0.0,0.0,0.0,0.0,0.0,0.0,0.0,21624.91155919386,22157.606743472206,35206.30192775052,49903.997112028825,52120.69229630717,43738.3874805855,69940.08266486383,54265.77784914216,69799.47303342047,45154.16821769881,0.0,115265.55858625547,98319.2537705338,92332.94895481213,112002.64413909044,70705.33932336877,120419.03450764711,77732.72969192543,78659.42487620378,75577.12006048208,83554.8152447604,46753.510429038724,50355.20561331707,64177.90079759539,82172.59598187373,100939.29116615203,70473.98635043036,112789.6815347087,90856.37671898703,95805.07190326533,189983.76708754367,165723.46227182198,185335.15745610034,157916.85264037867,197032.54782465697,122352.24300893533,164645.93819321363,197065.63337749196,166126.3285617703,173619.02374604862,181318.71893032696,164408.4141146053,190561.1092988836,157906.80448316195,152559.49966744025,182727.19485171858,141038.8900359969,137808.5852202752,98240.28040455356,116035.97558883188,106122.67077311024,130263.36595738854,144261.06114166687,130261.7563259452,130850.45151022352,144212.14669450183,117757.84187878018,134982.53706305852,106225.23224733684,125893.92743161516,139136.6226158935,108344.31780017182,92165.01298445015,91837.70816872848,109404.4033530068,72161.09853728511,103959.79372156344,89802.48890584178,141446.18409012008,74747.87927439844,33744.574458676754,50185.269642955085,100033.96482723343,124802.66001151173,,
61,0.0,0.0,0.0,0.0,0.0,0.0,0.0,0.0,0.0,0.0,0.0,0.0,0.0,0.0,0.0,0.0,0.0,0.0,0.0,0.0,0.0,32156.3874805855,22713.082664863832,24790.777849142163,42393.473033420465,50394.16821769881,63982.86340197713,62852.55858625547,54611.2537705338,57928.948954812135,67757.64413909044,76464.33932336877,77675.03450764711,89649.72969192543,84912.42487620378,80715.12006048208,118039.8152447604,99437.51042903872,137340.20561331708,115689.90079759539,122891.59598187373,126351.29116615203,81432.98635043036,124863.6815347087,104271.37671898703,148779.0719032653,145248.76708754367,151202.46227182198,194019.15745610034,176406.85264037867,228702.54782465697,159933.24300893533,244555.93819321363,175030.63337749196,158739.3285617703,158060.02374604862,168230.71893032696,169436.4141146053,155714.1092988836,176689.80448316195,163117.49966744025,154528.19485171858,160860.8900359969,130469.58522027523,133002.28040455357,118495.97558883188,134511.67077311024,122536.36595738854,133181.06114166687,96145.7563259452,95855.45151022352,115711.14669450183,121119.84187878018,148325.53706305852,89834.23224733684,121907.92743161516,88858.62261589347,86888.31780017182,74247.01298445015,118080.70816872848,128492.4033530068,108104.09853728511,132173.79372156344,127700.48890584178,133625.18409012008,135468.87927439844,134714.57445867674,138973.2696429551,108740.96482723343,125932.66001151173
62,0.0,0.0,0.0,0.0,0.0,0.0,2889.350084967271,0.0,0.0,0.0,0.0,0.0,0.0,22124.216374915544,47303.91155919386,64598.606743472206,54271.30192775052,71784.99711202882,106690.69229630717,42747.3874805855,79609.08266486383,103744.77784914216,44528.473033420465,108636.16821769881,115596.86340197713,139210.55858625547,126412.2537705338,116226.94895481213,132251.64413909044,124650.33932336877,142063.0345076471,154960.72969192543,144361.42487620376,124866.12006048208,86266.8152447604,110198.51042903872,134444.20561331708,72624.90079759539,105015.59598187373,61461.291166152034,70517.98635043036,60745.681534708696,71776.37671898703,57508.07190326533,71899.76708754367,102306.46227182199,104294.15745610034,125553.85264037867,118348.54782465697,136472.24300893533,110497.93819321363,109437.63337749195,146614.3285617703,111677.02374604864,183263.71893032696,152309.4141146053,149620.1092988836,161573.80448316195,170873.49966744025,212270.19485171858,127474.89003599693,148129.5852202752,163015.28040455357,98119.97558883188,144159.67077311024,94875.36595738854,161934.06114166687,157164.7563259452,161454.4515102235,144229.14669450183,154571.84187878016,140236.53706305852,144649.23224733683,125819.92743161516,106208.12261589349,86596.31780017182,125819.01298445015,93421.70816872848,81905.4033530068,133456.0985372851,79274.79372156344,80759.48890584178,71816.18409012009,51258.87927439844,81864.57445867675,45181.269642955085,29108.96482723343,24547.660011511733,,
