,0,1,2,3,4,5,6,7,8,9,10,11,12,13,14,15,16,17,18,19,20,21,22,23,24,25,26,27,28,29,30,31,32,33,34,35,36,37,38,39,40,41,42,43,44,45,46,47,48,49,50,51,52,53,54,55,56,57,58,59,60,61,62,63,64,65,66,67,68,69,70,71,72,73,74,75,76,77,78,79,80,81,82,83,84,85,86,87,88,89,90,91,92,93,94,95,96
0,1000223916.0,0.0,82708.58838452479,-234.0581685809797,203.972,58.6197,-57.7577,0.0,0.0,0.0,0.0,0.0,0.0,0.0,0.0,0.0,0.0,0.0,0.0,0.0,0.0,0.0,0.0,0.0,0.0,0.0,42686.997112028825,21260.69229630717,38745.3874805855,29262.082664863832,15713.777849142163,32436.473033420465,36869.16821769881,24809.863401977127,32471.558586255473,35768.2537705338,28586.948954812135,50263.64413909045,71940.33932336877,66469.03450764711,75877.72969192543,87876.42487620378,82786.12006048208,43403.81524476039,65362.510429038724,87707.20561331707,97575.90079759539,95793.59598187373,92945.29116615203,114918.98635043036,117920.6815347087,115801.37671898703,174825.0719032653,162813.76708754367,144132.46227182198,163618.15745610034,172829.85264037867,126029.54782465697,157507.24300893533,156777.93819321363,129587.63337749195,150491.3285617703,173827.02374604862,131642.71893032696,127386.41411460527,168270.1092988836,162175.80448316195,170249.49966744025,126796.19485171858,146229.8900359969,113180.58522027523,149930.28040455357,108223.97558883188,111456.67077311024,144654.36595738854,92391.06114166687,151424.7563259452,130903.45151022352,128633.14669450183,109619.84187878018,87669.53706305851,170409.23224733683,140400.31780017182,138202.01298445015,94940.70816872848,139485.4033530068,107661.09853728511,122562.79372156344,113930.48890584178,86093.18409012009,99734.87927439844,98482.57445867675,103310.26964295509,92389.96482723343,92220.66001151173,,
1,1000223917.0,0.0,46536.69601172896,-239.261456440739,218.765,58.1432,-57.5995,0.0,0.0,0.0,0.0,0.0,0.0,0.0,0.0,0.0,0.0,0.0,0.0,0.0,0.0,0.0,0.0,0.0,0.0,0.0,0.0,0.0,0.0,0.0,0.0,0.0,0.0,0.0,0.0,0.0,0.0,0.0,0.0,17319.034507647113,2124.7296919254295,7300.424876203775,15013.120060482077,13983.815244760393,18641.510429038724,45056.20561331707,55573.90079759539,44944.59598187373,41570.291166152034,47461.986350430365,65537.1815347087,83612.37671898703,58646.07190326533,62993.767087543674,60247.46227182199,111000.15745610034,65914.85264037867,56592.54782465697,96931.24300893533,78250.93819321363,114296.63337749195,67884.3285617703,77039.02374604864,72090.71893032696,90853.41411460527,106918.10929888359,115521.80448316193,129528.49966744024,107959.19485171858,112184.89003599693,95909.58522027523,87295.28040455356,103189.97558883188,104914.67077311024,99749.36595738854,83280.06114166687,87271.7563259452,52587.45151022352,56885.14669450183,73523.84187878018,82243.53706305851,92836.23224733684,93045.92743161516,100904.62261589347,79996.31780017182,67116.01298445015,99740.70816872848,100755.4033530068,64674.098537285114,93521.79372156344,72603.48890584178,67820.18409012009,72808.87927439844,45466.574458676754,58061.269642955085,70133.96482723343,38973.66001151173
2,1000223915.0,0.0,38792.51590410753,-247.44332219848675,180.076,58.6678,-61.5151,0.0,0.0,0.0,0.0,0.0,0.0,0.0,0.0,0.0,0.0,0.0,0.0,0.0,0.0,39823.91155919386,19979.606743472206,0.0,18786.997112028825,19228.69229630717,0.0,0.0,5560.777849142163,29419.473033420465,26981.16821769881,25746.863401977127,0.0,22436.253770533804,0.0,50649.64413909044,40713.33932336877,41833.03450764711,37765.72969192543,27049.424876203775,33454.12006048208,14337.815244760393,16790.510429038724,43689.20561331707,66496.90079759539,61936.59598187373,37819.291166152034,91961.98635043036,52886.681534708696,53669.37671898703,51307.07190326533,73693.76708754367,69392.46227182199,62324.157456100336,91673.85264037867,80796.54782465697,60997.24300893533,104134.93819321363,100134.63337749195,91521.3285617703,61833.02374604864,85301.71893032696,96199.41411460527,70082.10929888359,85682.80448316193,41486.499667440235,51873.19485171858,89365.89003599693,78677.58522027523,66273.28040455356,58336.975588831876,57521.670773110236,73554.36595738854,88497.06114166687,84237.7563259452,69578.45151022352,89529.14669450183,57189.84187878018,49275.53706305851,61219.23224733684,37780.92743161516,74156.62261589347,46263.31780017182,49793.01298445015,30911.70816872848,34418.4033530068,7911.098537285114,24551.793721563445,20218.488905841776,2980.184090120092,4046.8792743984377,0.0,0.0,0.0,0.0,,
3,1000223539.0,0.0,59106.25050725962,248.1502879191983,184.581,90.0651,-62.1825,0.0,0.0,0.0,0.0,0.0,0.0,0.0,0.0,0.0,0.0,0.0,0.0,0.0,0.0,0.0,0.0,0.0,0.0,0.0,0.0,0.0,0.0,0.0,0.0,0.0,0.0,0.0,0.0,0.0,0.0,0.0,0.0,0.0,0.0,0.0,0.0,0.0,19684.900797595386,0.0,42637.291166152034,56514.986350430365,30160.681534708696,47926.37671898703,81582.07190326533,69409.76708754367,91799.46227182199,95673.15745610034,120109.85264037867,116333.54782465697,125340.24300893533,156245.93819321363,146732.63337749196,155630.3285617703,159652.02374604862,141290.71893032696,159871.4141146053,170892.1092988836,145573.80448316195,134451.49966744025,159895.19485171858,141428.8900359969,144911.5852202752,170306.28040455357,138613.97558883188,161399.67077311024,138271.36595738854,161291.06114166687,135036.7563259452,139447.4515102235,102152.14669450183,97902.84187878018,92061.53706305851,90111.23224733684,83874.92743161516,108252.62261589347,54536.31780017182,122300.01298445015,106070.70816872848,102428.4033530068,84280.09853728511,48975.793721563445,52623.488905841776,39007.18409012009,57066.87927439844,59681.574458676754,56327.269642955085,85581.96482723343,0.0,,
4,1000223862.0,2.0,143298.44854095991,-257.5139981744731,223.858,57.4583,-60.9276,0.0,0.0,0.0,0.0,0.0,0.0,0.0,0.0,37574.35008496727,0.0,25874.740453523904,14912.43563780225,64837.130822080566,55918.82600635887,84815.52119063721,59675.216374915544,71142.91155919386,76121.6067434722,143927.30192775052,126101.99711202882,142517.69229630718,176632.3874805855,132231.08266486385,180830.77784914215,199332.47303342045,219661.1682176988,229012.8634019771,186812.55858625547,183034.2537705338,190460.94895481213,177684.64413909044,230885.33932336877,226786.0345076471,170122.72969192543,187722.42487620376,203420.12006048206,193651.8152447604,176109.51042903872,180251.20561331708,153651.9007975954,174375.59598187375,161554.29116615205,149469.98635043035,107528.6815347087,152220.376718987,177225.0719032653,207549.76708754367,211564.46227182198,201420.15745610034,223760.85264037867,226295.54782465697,236258.24300893533,236744.93819321363,237784.63337749196,229731.3285617703,155635.02374604862,179489.71893032696,176634.4141146053,175286.1092988836,105414.80448316193,135188.49966744025,177892.19485171858,154077.8900359969,138740.5852202752,149902.28040455357,152423.97558883188,174792.67077311024,210146.36595738854,154594.06114166687,176848.7563259452,170084.4515102235,178394.14669450183,158497.84187878016,145195.53706305852,178075.23224733683,147658.92743161516,192268.6226158935,178638.31780017182,206486.01298445015,144672.70816872848,146369.4033530068,153283.0985372851,144909.79372156344,147620.48890584178,130148.18409012009,106035.87927439844,145979.57445867674,134063.2696429551,135406.96482723343,100806.66001151173
5,1000223598.0,2.0,128875.46523187618,260.21660736210555,168.11700000000002,90.7651,-60.1681,0.0,0.0,0.0,0.0,0.0,0.0,0.0,0.0,0.0,0.0,0.0,0.0,0.0,0.0,0.0,0.0,0.0,37731.997112028825,62269.69229630717,0.0,39920.08266486383,76203.77784914216,67644.47303342047,80506.16821769881,85467.86340197713,86893.55858625547,91370.2537705338,115738.94895481213,122150.64413909044,125415.33932336877,93475.03450764711,101675.72969192543,115456.42487620378,121269.12006048208,176219.8152447604,123436.51042903872,146381.20561331708,153507.9007975954,140689.59598187375,125395.29116615203,154910.98635043035,158423.6815347087,125475.37671898703,143657.0719032653,109861.76708754367,171498.46227182198,191252.15745610034,195467.85264037867,184110.54782465697,218510.24300893533,179801.93819321363,195571.63337749196,178747.3285617703,180311.02374604862,228082.71893032696,249395.4141146053,256984.1092988836,183912.80448316195,228397.49966744025,206325.19485171858,248373.8900359969,207425.5852202752,181550.28040455357,251628.97558883188,195924.67077311024,238622.36595738854,240942.06114166687,256504.7563259452,184753.4515102235,225727.14669450183,225102.84187878016,200628.53706305852,215356.23224733683,182965.92743161516,200717.6226158935,173252.31780017182,218700.01298445015,203690.70816872848,160991.4033530068,221256.0985372851,210995.79372156344,148258.48890584178,154697.18409012008,137957.87927439844,100587.57445867675,124166.26964295509,111349.96482723343,89395.66001151173,,
6,1000223600.0,2.0,110902.73697650767,280.0703933675254,214.551,90.4374,-61.1242,0.0,0.0,0.0,0.0,0.0,0.0,0.0,0.0,0.0,0.0,0.0,0.0,0.0,0.0,0.0,0.0,0.0,0.0,0.0,31750.997112028825,34137.69229630717,28920.3874805855,15168.082664863832,66032.77784914216,46966.473033420465,65948.16821769881,72901.86340197713,51746.55858625547,70929.2537705338,72137.94895481213,92822.64413909044,105302.33932336877,89991.03450764711,131017.72969192543,116029.42487620378,141911.12006048206,167019.8152447604,199644.51042903872,158568.20561331708,210994.9007975954,227584.59598187375,228751.29116615205,173365.98635043035,175612.6815347087,166788.376718987,192670.0719032653,206355.76708754367,196030.46227182198,255805.15745610034,263773.85264037864,262198.54782465694,203529.24300893533,219256.93819321363,225105.63337749196,184104.3285617703,228858.02374604862,202217.71893032696,197004.4141146053,161012.1092988836,217944.80448316195,217410.49966744025,203368.19485171858,175876.8900359969,174793.5852202752,158313.28040455357,147640.97558883188,127707.67077311024,110103.36595738854,141779.06114166687,107139.7563259452,118764.45151022352,149479.14669450183,156964.84187878016,101867.53706305851,116830.23224733684,76639.92743161516,127950.62261589347,105770.31780017182,105237.01298445015,94598.70816872848,106253.4033530068,133001.0985372851,115702.79372156344,76232.48890584178,130399.18409012009,93982.87927439844,99139.57445867675,117955.26964295509,126757.96482723343,105673.66001151173
7,1000223898.0,0.0,80936.96698909778,-281.07284900427953,161.296,57.9992,-61.7667,0.0,0.0,0.0,0.0,0.0,0.0,0.0,0.0,0.0,0.0,0.0,0.0,0.0,0.0,0.0,0.0,0.0,0.0,0.0,0.0,0.0,0.0,0.0,28162.16821769881,19835.863401977127,47937.55858625547,68797.2537705338,56641.948954812135,75073.64413909044,81281.33932336877,105606.03450764711,67827.72969192543,86646.42487620378,71235.12006048208,108166.8152447604,96963.51042903872,95133.20561331707,96164.90079759539,91723.59598187373,88496.29116615203,112483.98635043036,114520.6815347087,125291.37671898703,111611.07190326533,115529.76708754367,87777.46227182199,129157.15745610034,98706.85264037867,111780.54782465697,121802.24300893533,108052.93819321363,92763.63337749195,137786.3285617703,108287.02374604864,124462.71893032696,123439.41411460527,156436.1092988836,150867.80448316195,149895.49966744025,162696.19485171858,136655.8900359969,148702.5852202752,137554.28040455357,171854.97558883188,145874.67077311024,74203.36595738854,119712.06114166687,156352.7563259452,158662.4515102235,147673.14669450183,144206.84187878016,137223.53706305852,153641.23224733683,112115.92743161516,78533.62261589347,145328.31780017182,126462.01298445015,88490.70816872848,113795.4033530068,79985.09853728511,120629.79372156344,87234.57445867675,149284.18409012008,104577.87927439844,111844.66001151173,,,,,
8,1000269815.0,0.0,62090.74398245434,-290.0558575389217,229.035,56.3677,-55.7128,0.0,0.0,0.0,0.0,0.0,0.0,0.0,0.0,0.0,0.0,0.0,0.0,0.0,0.0,0.0,0.0,0.0,0.0,0.0,0.0,0.0,0.0,0.0,0.0,0.0,0.0,0.0,0.0,0.0,0.0,0.0,0.0,0.0,0.0,0.0,39418.12006048208,8628.815244760393,4291.510429038724,0.0,0.0,0.0,0.0,91258.98635043036,94055.6815347087,49129.37671898703,152969.0719032653,70585.76708754367,52669.46227182199,33431.157456100336,55592.85264037867,17321.54782465697,43639.24300893533,58755.93819321363,55401.63337749195,73918.3285617703,59332.02374604864,71681.71893032696,85493.41411460527,148380.1092988836,160720.80448316195,115198.49966744024,112190.19485171858,120583.89003599693,82220.58522027523,95389.28040455356,142485.97558883188,126081.67077311024,114779.36595738854,96843.06114166687,133212.7563259452,123896.45151022352,108736.14669450183,142935.84187878016,137130.53706305852,166972.23224733683,160552.92743161516,134010.6226158935,142172.31780017182,128494.01298445015,159966.70816872848,147792.4033530068,144866.0985372851,164470.79372156344,164383.48890584178,185411.18409012008,186577.87927439844,207714.57445867674,132949.2696429551,131178.96482723343,152293.66001151173
9,1000224695.0,0.0,45303.016848682426,-294.4619367515891,173.77700000000002,57.3605,-58.0183,0.0,0.0,0.0,0.0,0.0,0.0,0.0,0.0,0.0,0.0,0.0,0.0,0.0,0.0,0.0,0.0,0.0,0.0,0.0,0.0,0.0,54315.77784914216,55849.473033420465,42994.16821769881,34021.86340197713,18779.558586255473,50836.2537705338,50880.948954812135,55539.64413909044,52537.33932336877,69813.03450764711,80185.72969192543,105152.42487620378,124428.12006048208,130757.8152447604,123224.51042903872,148667.20561331708,168283.9007975954,149145.59598187375,170944.29116615205,105401.98635043036,141670.6815347087,141486.876718987,141303.0719032653,151438.76708754367,151556.46227182198,131445.15745610034,123553.85264037867,103913.54782465697,112513.24300893533,72922.93819321363,73326.63337749195,44411.32856177029,63766.02374604864,63463.718930326955,47236.41411460527,31524.109298883588,32189.804483161934,31000.499667440235,37910.19485171858,36105.89003599693,0.0,30659.28040455356,930.9755888318759,0.0,9121.365957388538,34457.06114166687,14916.7563259452,30167.451510223516,6807.146694501833,12059.841878780178,9745.53706305851,13702.23224733684,22955.927431615157,50175.62261589347,43288.31780017182,39704.01298445015,20406.70816872848,21900.403353006797,24087.098537285114,9269.793721563445,24777.488905841776,15362.184090120092,15436.879274398438,7162.574458676754,0.0,5071.964827233431,0.0,,
10,1000223540.0,2.0,110000.19493059147,297.10460956813057,175.59599999999998,91.7265,-61.4878,0.0,0.0,0.0,0.0,0.0,0.0,0.0,0.0,0.0,0.0,0.0,0.0,0.0,0.0,0.0,43919.606743472206,44553.30192775052,35258.997112028825,50892.69229630717,47827.3874805855,0.0,44794.77784914216,53914.473033420465,54662.16821769881,61330.86340197713,83819.55858625547,57443.2537705338,62346.948954812135,98074.64413909044,78315.33932336877,91834.03450764711,118848.72969192543,123919.42487620378,153052.12006048206,133231.8152447604,105802.51042903872,198818.20561331708,162675.9007975954,237859.59598187375,209742.29116615205,217534.98635043035,247579.6815347087,281083.376718987,207362.0719032653,259335.76708754367,234066.46227182198,174844.15745610034,189508.85264037867,224686.54782465697,228286.24300893533,209049.93819321363,215995.63337749196,207899.3285617703,199930.02374604862,198544.71893032696,244522.4141146053,191359.1092988836,192335.80448316195,185101.49966744025,181457.19485171858,166824.8900359969,211310.5852202752,185934.28040455357,137585.97558883188,111544.67077311024,158297.36595738854,128948.06114166687,106064.7563259452,124958.45151022352,113822.14669450183,107966.84187878018,88292.53706305851,117297.23224733684,88506.92743161516,103513.62261589347,83101.31780017182,89716.01298445015,98808.70816872848,109975.4033530068,80508.09853728511,76461.79372156344,63292.488905841776,76542.18409012009,82159.87927439844,67668.57445867675,89459.26964295509,85334.96482723343,82697.66001151173,,
11,1000223912.0,0.0,59659.22035227132,-305.09296512409895,197.912,56.5758,-56.0745,0.0,0.0,0.0,0.0,0.0,0.0,0.0,0.0,0.0,15929.43563780225,15158.130822080566,25871.826006358868,11860.521190637213,12515.216374915544,0.0,39021.606743472206,78677.30192775052,66333.99711202882,66848.69229630717,89119.3874805855,69821.08266486383,59011.77784914216,53061.473033420465,62272.16821769881,64440.86340197713,125003.55858625547,115114.2537705338,94267.94895481213,92188.64413909044,56190.33932336877,80685.03450764711,71378.72969192543,54165.424876203775,72144.12006048208,72040.8152447604,58080.510429038724,98397.20561331707,66317.90079759539,60569.59598187373,63864.291166152034,72970.98635043036,105388.6815347087,99186.37671898703,113685.07190326533,124867.76708754367,96745.46227182199,107368.15745610034,118486.85264037867,119119.54782465697,111344.24300893533,97530.93819321363,102755.63337749195,72742.3285617703,108655.02374604864,105552.71893032696,79528.41411460527,68298.10929888359,48415.80448316193,70160.49966744024,25305.19485171858,68441.89003599693,66685.58522027523,34923.28040455356,0.0,37581.670773110236,40453.36595738854,51199.06114166687,38482.7563259452,50744.45151022352,59956.14669450183,65208.84187878018,49980.53706305851,77153.23224733684,77852.92743161516,82346.62261589347,64271.31780017182,70714.01298445015,80539.70816872848,45141.4033530068,50140.098537285114,12801.793721563445,38743.488905841776,50360.18409012009,29177.879274398438,44539.574458676754,64071.269642955085,49398.96482723343,90641.66001151173,,
12,1000223866.0,2.0,102207.56259131695,-308.51215462041387,208.752,56.2546,-58.5414,0.0,0.0,0.0,0.0,0.0,24446.264532132263,0.0,0.0,48151.35008496727,0.0,39065.740453523904,92774.43563780225,113710.13082208057,65083.82600635887,94347.52119063721,82742.21637491554,74115.91155919386,90905.6067434722,72208.30192775052,92598.99711202882,85854.69229630717,89372.3874805855,46280.08266486383,83474.77784914216,141621.47303342045,123094.16821769881,154860.8634019771,142618.55858625547,106078.2537705338,77212.94895481213,107356.64413909044,113838.33932336877,119557.03450764711,97030.72969192543,117204.42487620378,117299.12006048208,120839.8152447604,217131.51042903872,154292.20561331708,158770.9007975954,129275.59598187373,180006.29116615205,131900.98635043035,158822.6815347087,169787.376718987,154742.0719032653,164143.76708754367,165714.46227182198,175176.15745610034,172290.85264037867,178059.54782465697,137874.24300893533,172891.93819321363,146152.63337749196,165437.3285617703,169733.02374604862,166679.71893032696,130748.41411460527,140169.1092988836,130629.80448316193,137181.49966744025,161935.19485171858,148577.8900359969,111870.58522027523,155571.28040455357,142480.97558883188,101958.67077311024,83778.36595738854,118826.06114166687,105243.7563259452,88444.45151022352,55779.14669450183,108715.84187878018,75982.53706305851,73698.23224733684,63070.92743161516,96955.62261589347,90199.31780017182,54462.01298445015,63911.70816872848,64513.4033530068,88732.09853728511,35672.793721563445,40236.488905841776,60912.18409012009,71911.87927439844,66409.57445867675,108853.26964295509,114488.96482723343,104130.66001151173
13,1000223637.0,0.0,75010.00295290313,313.9695586738786,155.618,92.5961,-63.3021,0.0,0.0,0.0,0.0,0.0,0.0,0.0,0.0,0.0,0.0,0.0,0.0,0.0,0.0,0.0,0.0,0.0,29664.082664863832,35090.77784914216,44000.473033420465,41452.16821769881,39517.86340197713,40105.55858625547,61417.2537705338,60349.948954812135,63351.64413909044,56869.33932336877,59020.03450764711,84072.72969192543,49034.424876203775,85719.12006048208,110612.8152447604,105513.51042903872,119105.20561331707,102747.90079759539,69260.59598187373,155713.29116615205,138992.98635043035,122920.6815347087,138066.376718987,84464.07190326533,93836.76708754367,86251.46227182199,71339.15745610034,113782.85264037867,111351.54782465697,119879.24300893533,125372.93819321363,127433.63337749195,80415.3285617703,94514.02374604864,113233.71893032696,114151.41411460527,83119.10929888359,95865.80448316193,102462.49966744024,118253.19485171858,133389.8900359969,84578.58522027523,121891.28040455356,103076.97558883188,98329.67077311024,91993.36595738854,87244.06114166687,107840.7563259452,115541.45151022352,101758.14669450183,88652.84187878018,76447.53706305851,165170.23224733683,125624.92743161516,131790.6226158935,159479.31780017182,117555.01298445015,106126.70816872848,117960.4033530068,105384.09853728511,101842.79372156344,76231.48890584178,74206.18409012009,61998.87927439844,54608.574458676754,51757.269642955085,95950.96482723343,71092.66001151173,,,,,
14,1000223542.0,2.0,188293.99904085902,324.2553006231512,196.826,92.0718,-60.333,22445.17897929727,27178.87416357563,32215.56934785396,59192.26453213226,70502.95971641061,53539.654900688925,114569.35008496727,118552.04526924557,117589.7404535239,124966.43563780225,76331.13082208057,129307.82600635887,120043.52119063721,106556.21637491554,132814.91155919386,142468.60674347222,165200.30192775052,143216.99711202882,172301.69229630718,165239.3874805855,168250.08266486385,126501.77784914216,156066.47303342045,154852.1682176988,169065.8634019771,139762.55858625547,155587.2537705338,178367.94895481213,172792.64413909044,179534.33932336877,182028.0345076471,199638.72969192543,125348.42487620378,199994.12006048206,161807.8152447604,142049.51042903872,175858.20561331708,189848.9007975954,165203.59598187375,167425.29116615205,197257.98635043035,207585.6815347087,152164.376718987,164148.0719032653,165610.76708754367,132540.46227182198,158258.15745610034,164941.85264037867,180030.54782465697,178611.24300893533,158012.93819321363,202088.63337749196,195732.3285617703,203560.02374604862,220010.71893032696,248101.4141146053,228564.1092988836,240271.80448316195,202138.49966744025,285343.1948517186,254296.8900359969,225742.5852202752,310310.2804045536,218138.97558883188,226615.67077311024,253031.36595738854,292949.06114166684,296263.75632594514,299578.4515102235,307088.14669450186,246327.84187878016,277990.5370630585,273726.2322473368,239993.92743161516,216279.6226158935,223846.31780017182,234361.01298445015,298937.7081687285,229229.4033530068,229878.0985372851,213336.79372156344,280656.4889058418,279271.1840901201,235876.87927439844,311969.57445867674,273742.2696429551,289955.96482723346,241287.66001151173,,
15,1000223541.0,2.0,118943.38827507658,336.56932823303816,203.63,92.2719,-59.114,0.0,0.0,0.0,0.0,0.0,0.0,0.0,0.0,0.0,0.0,0.0,0.0,0.0,0.0,0.0,0.0,0.0,0.0,0.0,16163.997112028825,48984.69229630717,61418.3874805855,61532.08266486383,90747.77784914216,76317.47303342047,104428.16821769881,125669.86340197713,109129.55858625547,173628.2537705338,113835.94895481213,118325.64413909044,164368.33932336877,151369.0345076471,150235.72969192543,194720.42487620376,154889.12006048206,156747.8152447604,194707.51042903872,175517.20561331708,201942.9007975954,191824.59598187375,215362.29116615205,221420.98635043035,200622.6815347087,204405.376718987,199694.0719032653,213930.76708754367,201678.46227182198,192760.15745610034,140436.85264037867,202489.54782465697,190102.24300893533,167748.93819321363,107343.63337749195,168067.3285617703,150188.02374604862,135803.71893032696,183471.4141146053,139273.1092988836,168456.80448316195,183881.49966744025,191948.19485171858,131476.8900359969,129085.58522027523,126512.28040455356,176761.97558883188,149968.67077311024,143347.36595738854,155257.06114166687,158199.7563259452,180632.4515102235,186607.14669450183,176233.84187878016,180859.53706305852,167119.6226158935,147223.31780017182,160380.01298445015,131234.70816872848,112957.4033530068,137896.0985372851,162834.79372156344,123461.48890584178,123961.18409012009,122361.87927439844,134511.57445867674,113195.26964295509,153020.96482723343,166326.66001151173,,
16,1000223865.0,1.0,26365.76580120004,-338.20296135474155,167.96,56.2438,-57.7009,0.0,0.0,0.0,0.0,0.0,0.0,0.0,0.0,0.0,0.0,0.0,0.0,0.0,0.0,0.0,0.0,0.0,0.0,0.0,0.0,0.0,0.0,0.0,0.0,0.0,0.0,0.0,0.0,0.0,0.0,43750.03450764711,0.0,17115.424876203775,16653.120060482077,0.0,26359.510429038724,0.0,27426.900797595386,17598.595981873732,48570.291166152034,27717.986350430365,47365.681534708696,62313.37671898703,54533.07190326533,34518.767087543674,28894.46227182199,67264.15745610034,80968.85264037867,50701.54782465697,33703.24300893533,33085.93819321363,48649.63337749195,63616.32856177029,55214.02374604864,62320.718930326955,56894.41411460527,77792.10929888359,62197.80448316193,46962.499667440235,85630.19485171858,93509.89003599693,48075.58522027523,47779.28040455356,42158.975588831876,32474.670773110236,52742.36595738854,42830.06114166687,16220.7563259452,24835.451510223516,63259.14669450183,49221.84187878018,39824.53706305851,50150.23224733684,23223.927431615157,25951.622615893473,22231.31780017182,17321.01298445015,14566.70816872848,8364.403353006797,31563.098537285114,39770.793721563445,22287.488905841776,37835.18409012009,16329.879274398438,38392.574458676754,64741.269642955085,49855.96482723343,26850.660011511733,,
17,1000223543.0,2.0,126268.26687334919,349.0879289520287,219.52599999999998,92.2855,-60.3521,0.0,0.0,0.0,0.0,0.0,0.0,0.0,0.0,0.0,0.0,27023.740453523904,34532.43563780225,27310.130822080566,56511.82600635887,61234.52119063721,75367.21637491554,87522.91155919386,76889.6067434722,102189.30192775052,71184.99711202882,114089.69229630717,114105.3874805855,135088.08266486385,152525.77784914215,98130.47303342047,145303.1682176988,113584.86340197713,147272.55858625547,126983.2537705338,84621.94895481213,144853.64413909044,97115.33932336877,154319.0345076471,136681.72969192543,114847.42487620378,129990.12006048208,114208.8152447604,122094.51042903872,111581.20561331707,105801.90079759539,122310.59598187373,98281.29116615203,97122.98635043036,126550.6815347087,124692.37671898703,149810.0719032653,100169.76708754367,135201.46227182198,155869.15745610034,110859.85264037867,109442.54782465697,126923.24300893533,161726.93819321363,150672.63337749196,137858.3285617703,139766.02374604862,150012.71893032696,170139.4141146053,159229.1092988836,181823.80448316195,221943.49966744025,196126.19485171858,194532.8900359969,217674.5852202752,216460.28040455357,243660.97558883188,234493.67077311024,225056.36595738854,190355.06114166687,248580.7563259452,215363.4515102235,231396.14669450183,197759.84187878016,181327.53706305852,177514.23224733683,198238.92743161516,192608.6226158935,174471.31780017182,203747.01298445015,155744.70816872848,145763.4033530068,167365.0985372851,146242.79372156344,152836.48890584178,120343.18409012009,144933.87927439844,167125.57445867674,150263.2696429551,126106.96482723343,134678.66001151173
18,1000223633.0,0.0,73351.75513613444,354.02876257909173,162.614,93.5605,-60.7041,0.0,0.0,0.0,0.0,0.0,0.0,0.0,0.0,0.0,0.0,0.0,0.0,0.0,0.0,0.0,0.0,0.0,0.0,0.0,0.0,0.0,0.0,0.0,0.0,0.0,0.0,0.0,0.0,0.0,0.0,0.0,0.0,0.0,16728.120060482077,18111.815244760393,16066.510429038724,39821.20561331707,18045.900797595386,35642.59598187373,39920.291166152034,59604.986350430365,45775.681534708696,71372.37671898703,63165.07190326533,65511.767087543674,94672.46227182199,73744.15745610034,91703.85264037867,89928.047824657,88152.24300893533,89284.93819321363,88118.63337749195,128479.3285617703,117659.02374604864,133700.71893032696,157225.4141146053,164776.1092988836,169535.80448316195,134266.49966744025,175909.19485171858,167885.8900359969,138325.5852202752,162349.28040455357,160548.97558883188,136668.67077311024,202323.36595738854,165815.06114166687,178766.7563259452,166242.4515102235,133051.14669450183,184337.84187878016,148687.53706305852,140559.23224733683,100072.92743161516,136679.6226158935,163016.31780017182,202867.01298445015,187493.70816872848,221249.4033530068,150533.0985372851,147068.79372156344,123734.48890584178,119571.18409012009,127682.87927439844,146230.57445867674,106204.26964295509,92013.96482723343,58051.66001151173,,
19,1000223914.0,0.0,43207.68302895408,-358.2602236358174,185.93200000000002,55.3529,-62.7497,0.0,0.0,0.0,0.0,0.0,0.0,0.0,0.0,0.0,0.0,0.0,0.0,0.0,0.0,0.0,0.0,0.0,0.0,0.0,0.0,0.0,0.0,0.0,0.0,0.0,0.0,0.0,0.0,0.0,0.0,0.0,30120.72969192543,17128.424876203775,42875.12006048208,23759.815244760393,30742.510429038724,48879.20561331707,36011.90079759539,89480.59598187373,57635.291166152034,65443.986350430365,74249.6815347087,56052.37671898703,68408.07190326533,36011.767087543674,40397.46227182199,52432.157456100336,71960.85264037867,47772.54782465697,47471.24300893533,60201.93819321363,56063.63337749195,49223.32856177029,34302.02374604864,55315.718930326955,66048.41411460527,64057.10929888359,47856.80448316193,55255.499667440235,68880.19485171858,94895.89003599693,81440.58522027523,81281.28040455356,80399.97558883188,78401.67077311024,73589.36595738854,97546.06114166687,82353.7563259452,92633.45151022352,124415.14669450183,88726.84187878018,104604.53706305851,118601.23224733684,76881.92743161516,100129.62261589347,112402.31780017182,75731.01298445015,51118.70816872848,100406.4033530068,52886.098537285114,48029.793721563445,106327.48890584178,57940.18409012009,75471.87927439844,73910.57445867675,78514.26964295509,28884.96482723343,70712.66001151173,,
20,1000223547.0,0.0,64706.189784266695,375.7976832387132,188.467,93.6178,-61.74100000000001,0.0,0.0,0.0,0.0,0.0,0.0,0.0,0.0,0.0,0.0,0.0,0.0,0.0,0.0,0.0,0.0,0.0,0.0,0.0,0.0,0.0,0.0,0.0,0.0,0.0,0.0,0.0,0.0,0.0,0.0,32668.034507647113,0.0,0.0,45907.12006048208,0.0,19184.510429038724,49772.20561331707,19681.900797595386,44755.59598187373,55784.291166152034,31966.986350430365,45165.681534708696,46241.37671898703,32390.07190326533,59562.767087543674,76391.46227182199,55341.157456100336,84788.85264037867,93697.54782465697,99609.24300893533,102735.93819321363,101966.63337749195,92808.3285617703,112411.02374604864,87694.71893032696,127273.41411460527,136817.1092988836,171189.80448316195,191742.49966744025,182954.19485171858,155511.8900359969,162164.5852202752,187067.28040455357,185256.97558883188,209770.67077311024,170701.36595738854,127600.06114166687,147803.7563259452,128998.45151022352,143218.14669450183,140239.84187878016,106751.53706305851,130302.23224733684,129791.92743161516,98180.62261589347,105771.31780017182,116554.01298445015,88470.70816872848,87584.4033530068,120570.09853728511,96170.79372156344,87467.48890584178,97447.18409012009,110201.87927439844,94833.57445867675,109014.26964295509,91490.96482723343,,,
21,1000223546.0,0.0,73159.86539646289,387.19666050746673,210.903,93.4579,-59.1654,0.0,0.0,0.0,0.0,0.0,0.0,0.0,0.0,0.0,0.0,0.0,0.0,0.0,0.0,23857.521190637213,28099.216374915544,60216.91155919386,74557.6067434722,61435.30192775052,86731.99711202882,80943.69229630717,48002.3874805855,54098.08266486383,70115.77784914216,109783.47303342047,68483.16821769881,97599.86340197713,117439.55858625547,70450.2537705338,104713.94895481213,69729.64413909044,108460.33932336877,117350.03450764711,136838.72969192543,85291.42487620378,95426.12006048208,44263.81524476039,120012.51042903872,59377.20561331707,84056.90079759539,88957.59598187373,111632.29116615203,67809.98635043036,74245.6815347087,59417.37671898703,87009.07190326533,87031.76708754367,110057.46227182199,69341.15745610034,71712.85264037867,119581.54782465697,77219.24300893533,92653.93819321363,85361.63337749195,107644.3285617703,97758.02374604864,63674.718930326955,83766.41411460527,91502.10929888359,69878.80448316193,81568.49966744024,112566.19485171858,104609.89003599693,93086.58522027523,55295.28040455356,122739.97558883188,95353.67077311024,103407.36595738854,112902.06114166687,94453.7563259452,80758.45151022352,80354.14669450183,117618.84187878018,90814.53706305851,122741.23224733684,83568.92743161516,78015.62261589347,56246.31780017182,72292.01298445015,96622.70816872848,57120.4033530068,77338.09853728511,122546.79372156344,100039.48890584178,111352.18409012009,90925.87927439844,99847.57445867675,138381.2696429551,69579.96482723343,68648.66001151173
22,1000223913.0,0.0,90316.06005356967,-400.59806653584036,191.97799999999998,54.1464,-57.2599,0.0,0.0,0.0,0.0,0.0,0.0,0.0,0.0,0.0,0.0,0.0,0.0,0.0,0.0,21624.91155919386,22157.606743472206,35206.30192775052,49903.997112028825,52120.69229630717,43738.3874805855,69940.08266486383,54265.77784914216,69799.47303342047,45154.16821769881,0.0,115265.55858625547,98319.2537705338,92332.94895481213,112002.64413909044,70705.33932336877,120419.03450764711,77732.72969192543,78659.42487620378,75577.12006048208,83554.8152447604,46753.510429038724,50355.20561331707,64177.90079759539,82172.59598187373,100939.29116615203,70473.98635043036,112789.6815347087,90856.37671898703,95805.07190326533,189983.76708754367,165723.46227182198,185335.15745610034,157916.85264037867,197032.54782465697,122352.24300893533,164645.93819321363,197065.63337749196,166126.3285617703,173619.02374604862,181318.71893032696,164408.4141146053,190561.1092988836,157906.80448316195,152559.49966744025,182727.19485171858,141038.8900359969,137808.5852202752,98240.28040455356,116035.97558883188,106122.67077311024,130263.36595738854,144261.06114166687,130261.7563259452,130850.45151022352,144212.14669450183,117757.84187878018,134982.53706305852,106225.23224733684,125893.92743161516,139136.6226158935,108344.31780017182,92165.01298445015,91837.70816872848,109404.4033530068,72161.09853728511,103959.79372156344,89802.48890584178,141446.18409012008,74747.87927439844,33744.574458676754,50185.269642955085,100033.96482723343,124802.66001151173,,
23,1000223545.0,0.0,66606.52557892734,409.1842097174118,180.949,94.6096,-61.5747,0.0,0.0,0.0,0.0,0.0,577.6750424836355,1155.350084967271,0.0,0.0,0.0,0.0,0.0,0.0,0.0,0.0,0.0,0.0,0.0,0.0,0.0,0.0,0.0,0.0,0.0,26761.863401977127,0.0,23519.253770533804,24717.948954812135,59325.64413909044,48391.33932336877,72479.03450764711,63738.72969192543,79495.42487620378,86505.12006048208,66529.8152447604,105984.51042903872,82310.20561331707,77796.90079759539,98785.59598187373,87051.29116615203,91170.98635043036,112488.6815347087,79763.37671898703,61760.07190326533,88543.76708754367,99643.46227182199,69419.15745610034,124282.85264037867,141253.54782465697,148935.24300893533,109402.93819321363,164900.63337749196,153584.3285617703,139626.02374604862,125193.71893032696,110772.41411460527,114607.10929888359,150096.80448316195,65417.499667440235,131386.19485171858,94377.89003599693,110127.58522027523,144629.28040455357,119423.97558883188,102568.67077311024,161092.36595738854,141957.06114166687,104427.7563259452,149283.4515102235,119399.14669450183,72201.84187878018,94517.53706305851,120190.23224733684,156807.92743161516,103597.62261589347,133905.31780017182,111181.01298445015,64952.70816872848,77284.4033530068,91181.09853728511,87211.79372156344,41054.488905841776,31449.184090120092,34078.87927439844,52756.574458676754,30485.269642955085,0.0,23856.660011511733,,
24,1000223871.0,0.0,71846.44439467217,-416.23642345122965,214.62400000000002,53.2958,-56.5481,0.0,0.0,0.0,0.0,0.0,0.0,0.0,0.0,0.0,0.0,0.0,37795.43563780225,5668.130822080566,5879.826006358868,13083.521190637213,17924.216374915544,74634.91155919386,32719.606743472206,47409.30192775052,69114.99711202882,69700.69229630717,61089.3874805855,70937.08266486383,99161.77784914216,79101.47303342047,156638.1682176988,128180.86340197713,120632.55858625547,112675.2537705338,76067.94895481213,79774.64413909044,90405.33932336877,128166.03450764711,121035.72969192543,99961.42487620378,134098.12006048206,114902.8152447604,124160.51042903872,150495.20561331708,197794.9007975954,167855.59598187375,222067.29116615205,165944.98635043035,100365.6815347087,166514.376718987,197892.0719032653,157531.76708754367,117278.46227182199,137634.15745610034,114161.85264037867,98837.54782465697,126008.24300893533,112536.93819321363,98510.63337749195,114734.3285617703,106914.02374604864,85173.71893032696,77471.41411460527,88230.10929888359,128819.80448316193,79782.49966744024,84933.19485171858,77023.89003599693,100230.58522027523,57749.28040455356,74802.97558883188,49891.670773110236,74652.36595738854,49350.06114166687,57896.7563259452,59662.45151022352,46494.14669450183,55464.84187878018,36346.53706305851,17014.23224733684,46317.92743161516,24450.622615893473,38708.31780017182,0.0,41003.70816872848,39654.4033530068,42926.098537285114,25112.793721563445,25089.488905841776,13266.184090120092,4867.879274398438,42044.574458676754,0.0,39174.96482723343,58574.66001151173
25,1000223939.0,1.0,21579.06287195591,-429.70521919222574,157.961,54.0997,-59.3557,0.0,0.0,0.0,0.0,0.0,0.0,0.0,0.0,0.0,0.0,0.0,0.0,0.0,0.0,0.0,0.0,0.0,0.0,0.0,0.0,0.0,0.0,0.0,0.0,0.0,0.0,0.0,13925.034507647113,25714.72969192543,32268.424876203775,9539.120060482077,36867.81524476039,65183.510429038724,33899.20561331707,34624.90079759539,37459.59598187373,22732.291166152034,0.0,23936.681534708696,38613.37671898703,56107.07190326533,28225.767087543674,46957.46227182199,22595.157456100336,40649.85264037867,0.0,0.0,18197.93819321363,0.0,0.0,0.0,0.0,0.0,23473.109298883588,0.0,0.0,0.0,0.0,0.0,0.0,0.0,0.0,17679.365957388538,31820.06114166687,28702.7563259452,15655.451510223516,48012.14669450183,60162.84187878018,70360.53706305851,50961.23224733684,75697.92743161516,62306.62261589347,94736.31780017182,56313.01298445015,67360.70816872848,94625.4033530068,57241.098537285114,84631.79372156344,54873.488905841776,70429.18409012009,51613.87927439844,55040.574458676754,18325.269642955085,28145.96482723343,28553.660011511733,,,,,
26,1000223863.0,1.0,15944.902256437768,-431.1707664747204,177.706,53.6796,-59.3855,0.0,0.0,0.0,0.0,0.0,0.0,0.0,0.0,0.0,0.0,0.0,0.0,0.0,0.0,0.0,0.0,0.0,0.0,0.0,0.0,40432.08266486383,15577.777849142163,32629.473033420465,15284.16821769881,17039.863401977127,35209.55858625547,45415.2537705338,0.0,21534.644139090437,0.0,42429.03450764711,0.0,18484.424876203775,37887.12006048208,36346.81524476039,46285.510429038724,16915.20561331707,26697.900797595386,24659.595981873732,24301.291166152034,21740.986350430365,21773.681534708696,0.0,56067.07190326533,33937.767087543674,26460.46227182199,49429.157456100336,27880.852640378667,65170.54782465697,54261.24300893533,26399.93819321363,56736.63337749195,42033.32856177029,38262.02374604864,11721.718930326955,27741.41411460527,0.0,29713.804483161934,0.0,22597.19485171858,29692.890035996927,18261.58522027523,14643.28040455356,19235.975588831876,0.0,0.0,21125.06114166687,15941.7563259452,17134.451510223516,0.0,0.0,0.0,4060.2322473368404,11507.927431615157,0.0,12320.317800171819,20804.01298445015,0.0,0.0,0.0,0.0,14193.488905841776,11704.184090120092,5204.879274398438,17184.574458676754,25645.269642955085,35433.96482723343,0.0,,
27,1000223544.0,1.0,16101.8966039179,432.59146305327937,171.359,95.3735,-61.6463,0.0,0.0,0.0,0.0,0.0,0.0,0.0,0.0,0.0,0.0,0.0,0.0,0.0,0.0,0.0,0.0,0.0,8160.997112028825,0.0,0.0,8603.082664863832,0.0,0.0,0.0,0.0,0.0,0.0,0.0,0.0,0.0,0.0,0.0,11996.424876203775,0.0,0.0,0.0,0.0,9426.900797595386,0.0,0.0,0.0,0.0,0.0,14240.071903265329,10504.767087543674,15632.46227182199,4905.157456100336,31364.852640378667,0.0,26449.24300893533,49394.93819321363,38074.63337749195,50017.32856177029,42568.02374604864,71031.71893032696,64706.41411460527,81432.10929888359,76275.80448316193,73075.49966744024,26853.19485171858,81576.89003599693,44008.58522027523,63460.28040455356,44490.975588831876,35139.670773110236,47610.36595738854,22447.06114166687,44261.7563259452,41712.45151022352,33915.14669450183,31296.84187878018,15573.53706305851,16998.23224733684,36447.92743161516,26084.622615893473,24957.31780017182,28212.01298445015,32826.70816872848,19137.403353006797,0.0,0.0,12095.488905841776,0.0,0.0,0.0,0.0,0.0,0.0,,
28,1000223872.0,0.0,62103.09798272462,-440.2502624602923,204.016,52.9316,-57.31,0.0,0.0,0.0,0.0,0.0,0.0,0.0,0.0,0.0,0.0,0.0,0.0,0.0,0.0,0.0,34597.216374915544,27990.91155919386,67701.6067434722,50521.30192775052,61330.997112028825,75194.69229630717,82341.3874805855,92745.08266486383,84636.77784914216,87342.47303342047,102822.16821769881,134477.8634019771,98979.55858625547,149556.2537705338,106653.94895481213,0.0,122053.33932336877,144960.0345076471,124021.72969192543,116368.42487620378,81933.12006048208,102063.8152447604,75946.51042903872,117752.20561331707,91651.90079759539,80064.59598187373,80481.29116615203,81491.98635043036,56564.681534708696,76851.37671898703,62505.07190326533,78002.76708754367,70522.46227182199,50183.157456100336,38415.85264037867,47810.54782465697,43320.24300893533,0.0,61555.63337749195,56349.32856177029,36770.02374604864,64627.718930326955,71057.41411460527,64581.10929888359,35563.80448316193,37607.499667440235,80181.19485171858,66247.89003599693,78028.58522027523,92912.28040455356,66301.97558883188,126429.67077311024,90350.36595738854,92908.06114166687,88474.7563259452,81253.45151022352,80314.14669450183,55428.84187878018,84459.53706305851,72307.62261589347,66979.31780017182,55639.01298445015,53664.70816872848,47672.4033530068,57967.098537285114,86871.79372156344,73917.48890584178,56353.18409012009,56878.87927439844,81369.57445867675,70085.26964295509,86176.96482723343,87928.66001151173,,
29,1000223870.0,0.0,59812.26735303318,-466.3468224548095,219.91099999999997,51.9927,-55.1872,0.0,0.0,0.0,0.0,0.0,0.0,0.0,0.0,16543.35008496727,0.0,0.0,0.0,0.0,29488.826006358868,21726.521190637213,37346.216374915544,44452.91155919386,33282.606743472206,39237.30192775052,72617.99711202882,53146.69229630717,70621.3874805855,70920.08266486383,41647.77784914216,72557.47303342047,52060.16821769881,78603.86340197713,88967.55858625547,55709.2537705338,49097.948954812135,39935.64413909044,35935.33932336877,98346.03450764711,79838.72969192543,81982.42487620378,43779.12006048208,42581.81524476039,53964.510429038724,53506.20561331707,70858.90079759539,32307.595981873732,35006.291166152034,56293.986350430365,50541.681534708696,66550.37671898703,62951.07190326533,53037.767087543674,88880.46227182199,107039.15745610034,68652.85264037867,50736.54782465697,43357.24300893533,129976.93819321363,125494.63337749195,74601.3285617703,104215.02374604864,117720.71893032696,99531.41411460527,116441.10929888359,122749.80448316193,138980.49966744025,63469.19485171858,113756.89003599693,61201.58522027523,110586.28040455356,88976.97558883188,76093.67077311024,104979.36595738854,88088.06114166687,109814.7563259452,98709.45151022352,101525.14669450183,71227.84187878018,35122.53706305851,67959.23224733684,70846.92743161516,58759.62261589347,90395.31780017182,67291.01298445015,53940.70816872848,59747.4033530068,60398.098537285114,65639.79372156344,106944.48890584178,40963.18409012009,40605.87927439844,54874.574458676754,52143.269642955085,44730.96482723343,50488.66001151173
30,1000227279.0,1.0,17352.004318414864,-494.1290624728535,225.59,51.2407,-56.6206,0.0,0.0,0.0,0.0,0.0,0.0,0.0,0.0,24540.35008496727,0.0,0.0,0.0,0.0,2084.8260063588677,25997.521190637213,0.0,25844.91155919386,16325.606743472206,0.0,12066.997112028825,0.0,27394.3874805855,13776.082664863832,0.0,0.0,0.0,2923.863401977127,0.0,2241.2537705338036,0.0,0.0,0.0,16429.034507647113,2048.7296919254295,184.42487620377506,10650.120060482077,24369.815244760393,28969.510429038724,7241.20561331707,16405.900797595386,42781.59598187373,58618.291166152034,12617.986350430365,40922.681534708696,61406.37671898703,65648.07190326533,77921.76708754367,63213.46227182199,61958.157456100336,79930.85264037867,78689.54782465697,93188.24300893533,88932.93819321363,73287.63337749195,66111.3285617703,64348.02374604864,56368.718930326955,33868.41411460527,32226.109298883588,50174.80448316193,30335.499667440235,27231.19485171858,14070.890035996927,0.0,0.0,8656.975588831876,0.0,0.0,0.0,0.0,0.0,0.0,0.0,0.0,0.0,0.0,0.0,0.0,0.0,0.0,0.0,0.0,13905.793721563445,5770.488905841776,0.0,0.0,0.0,0.0,0.0,0.0
31,1000223931.0,0.0,82443.93712922369,-501.91696058044226,164.11,52.3081,-57.6149,0.0,0.0,0.0,0.0,0.0,0.0,0.0,0.0,0.0,0.0,0.0,0.0,0.0,0.0,0.0,0.0,13279.301927750523,0.0,31132.69229630717,0.0,17654.082664863832,0.0,30069.473033420465,10425.16821769881,59238.86340197713,19157.558586255473,49701.2537705338,25362.948954812135,27469.644139090437,47704.33932336877,57500.03450764711,87767.72969192543,50626.424876203775,12003.120060482077,96383.8152447604,73328.51042903872,42384.20561331707,69337.90079759539,86399.59598187373,74354.29116615203,108095.98635043036,100525.6815347087,77423.37671898703,57275.07190326533,89661.76708754367,118520.46227182199,108647.15745610034,140909.85264037867,124035.54782465697,146662.24300893533,118121.93819321363,134037.63337749196,181855.3285617703,181623.02374604862,128975.71893032696,151176.4141146053,139982.1092988836,118204.80448316193,144774.49966744025,169613.19485171858,168849.8900359969,137179.5852202752,179104.28040455357,142010.97558883188,176455.67077311024,152763.36595738854,125388.06114166687,126540.7563259452,129641.45151022352,117704.14669450183,142798.84187878016,145660.53706305852,180796.23224733683,142809.92743161516,138298.6226158935,92179.31780017182,136195.01298445015,175700.70816872848,117853.4033530068,140500.0985372851,102784.79372156344,130197.48890584178,128550.18409012009,66683.87927439844,91778.57445867675,110786.26964295509,122463.96482723343,111987.66001151173,,
32,1000223548.0,2.0,109076.66694880751,508.03215114374876,206.104,96.4183,-60.0776,0.0,0.0,0.0,0.0,0.0,0.0,0.0,0.0,0.0,0.0,0.0,0.0,0.0,0.0,0.0,27881.216374915544,65417.91155919386,67950.6067434722,65998.30192775052,64920.997112028825,97528.69229630717,105056.3874805855,116960.08266486383,117213.77784914216,114508.47303342047,141104.1682176988,150000.8634019771,117012.55858625547,150371.2537705338,187749.94895481213,184655.64413909044,179091.33932336877,175962.0345076471,201158.72969192543,200707.42487620376,201460.12006048206,199698.8152447604,182878.51042903872,172025.20561331708,170537.9007975954,158197.59598187375,210255.29116615205,150750.98635043035,145314.6815347087,187333.376718987,191861.0719032653,163662.76708754367,161130.46227182198,203941.15745610034,147504.85264037867,172737.54782465697,157673.24300893533,135691.93819321363,128893.63337749195,134149.3285617703,168799.02374604862,149309.71893032696,126950.41411460527,112753.10929888359,136622.80448316195,94331.49966744024,99036.19485171858,94487.89003599693,72869.58522027523,106247.28040455356,112468.97558883188,112876.67077311024,118638.36595738854,70428.06114166687,127816.7563259452,106221.45151022352,121378.14669450183,131073.84187878016,75900.53706305851,106589.23224733684,72826.92743161516,118670.62261589347,72075.31780017182,101778.01298445015,120396.70816872848,105728.4033530068,132632.0985372851,107007.79372156344,141421.87927439844,120868.57445867675,120853.26964295509,120148.96482723343,112589.66001151173,,
33,1000223551.0,0.0,80223.08689035206,515.0624484750839,193.09799999999998,96.8378,-61.4501,0.0,0.0,0.0,0.0,0.0,0.0,0.0,0.0,0.0,0.0,0.0,0.0,27836.521190637213,22878.216374915544,0.0,0.0,42664.30192775052,0.0,63826.69229630717,0.0,18909.082664863832,0.0,25810.473033420465,25910.16821769881,16033.863401977127,0.0,8691.253770533804,41471.948954812135,18972.644139090437,35088.33932336877,36086.03450764711,48073.72969192543,40352.424876203775,59264.12006048208,62668.81524476039,73574.51042903872,67639.20561331707,26850.900797595386,41125.59598187373,69236.29116615203,55210.986350430365,45987.681534708696,25578.376718987027,36904.07190326535,48229.767087543674,76075.46227182199,109716.15745610034,96793.85264037867,70820.54782465697,71880.24300893533,82156.93819321363,130559.63337749195,94896.3285617703,143185.02374604862,105530.71893032696,103608.41411460527,107145.10929888359,137492.80448316195,132537.49966744025,152359.19485171858,127806.89003599693,146343.5852202752,170077.28040455357,172847.97558883188,201855.67077311024,227932.36595738854,177166.06114166687,163299.7563259452,132632.4515102235,149597.14669450183,166186.84187878016,181741.53706305852,156279.23224733683,152674.92743161516,169136.6226158935,173100.31780017182,199075.01298445015,104785.70816872848,195758.4033530068,137661.0985372851,89089.79372156344,108532.48890584178,136916.18409012008,144813.87927439844,114695.57445867675,150222.2696429551,154906.96482723343,154861.66001151173,,
34,1000223879.0,0.0,35607.727274284625,-539.0091041222162,197.00599999999997,50.8416,-54.6578,0.0,0.0,0.0,0.0,0.0,0.0,0.0,0.0,0.0,0.0,0.0,0.0,0.0,0.0,0.0,0.0,0.0,0.0,0.0,0.0,0.0,0.0,0.0,0.0,0.0,0.0,0.0,0.0,0.0,0.0,29069.034507647113,0.0,45.42487620377506,14374.120060482077,0.0,7781.510429038724,24086.20561331707,17974.900797595386,0.0,23501.291166152034,44895.986350430365,36708.681534708696,1759.3767189870268,40610.07190326533,38522.767087543674,35520.46227182199,14667.157456100336,36396.85264037867,43686.54782465697,38110.24300893533,53436.93819321363,30265.633377491948,66127.3285617703,78344.02374604864,60624.718930326955,83358.41411460527,73594.10929888359,58654.80448316193,83544.49966744024,67387.19485171858,40562.89003599693,57392.58522027523,50086.28040455356,84677.97558883188,97037.67077311024,93543.36595738854,66888.06114166687,65149.7563259452,92248.45151022352,104837.14669450183,81547.84187878018,102180.53706305851,72899.23224733684,115550.92743161516,81398.62261589347,106532.31780017182,107792.01298445015,90512.70816872848,100267.4033530068,56351.098537285114,57213.793721563445,60470.488905841776,50440.18409012009,49171.87927439844,37050.574458676754,62204.269642955085,14818.96482723343,31604.660011511733,,
35,1000226119.0,0.0,91240.77376085949,540.0229552123417,223.072,96.7668,-60.1153,0.0,0.0,0.0,0.0,0.0,0.0,0.0,0.0,0.0,0.0,0.0,0.0,0.0,0.0,0.0,0.0,0.0,0.0,0.0,0.0,0.0,32156.3874805855,22713.082664863832,24790.777849142163,42393.473033420465,50394.16821769881,63982.86340197713,62852.55858625547,54611.2537705338,57928.948954812135,67757.64413909044,76464.33932336877,77675.03450764711,89649.72969192543,84912.42487620378,80715.12006048208,118039.8152447604,99437.51042903872,137340.20561331708,115689.90079759539,122891.59598187373,126351.29116615203,81432.98635043036,124863.6815347087,104271.37671898703,148779.0719032653,145248.76708754367,151202.46227182198,194019.15745610034,176406.85264037867,228702.54782465697,159933.24300893533,244555.93819321363,175030.63337749196,158739.3285617703,158060.02374604862,168230.71893032696,169436.4141146053,155714.1092988836,176689.80448316195,163117.49966744025,154528.19485171858,160860.8900359969,130469.58522027523,133002.28040455357,118495.97558883188,134511.67077311024,122536.36595738854,133181.06114166687,96145.7563259452,95855.45151022352,115711.14669450183,121119.84187878018,148325.53706305852,89834.23224733684,121907.92743161516,88858.62261589347,86888.31780017182,74247.01298445015,118080.70816872848,128492.4033530068,108104.09853728511,132173.79372156344,127700.48890584178,133625.18409012008,135468.87927439844,134714.57445867674,138973.2696429551,108740.96482723343,125932.66001151173
36,1000223869.0,0.0,44780.7477786123,-543.0349361550731,170.669,51.2788,-61.1646,0.0,0.0,0.0,0.0,0.0,0.0,0.0,0.0,0.0,0.0,0.0,0.0,0.0,7889.216374915544,0.0,0.0,0.0,0.0,0.0,0.0,0.0,0.0,0.0,0.0,0.0,0.0,0.0,0.0,0.0,0.0,0.0,0.0,0.0,0.0,0.0,0.0,0.0,0.0,0.0,0.0,0.0,10961.681534708696,8642.376718987027,43772.07190326533,10087.767087543674,29845.46227182199,30728.157456100336,11167.852640378667,14328.54782465697,24395.24300893533,0.0,30466.633377491948,29820.328561770293,66732.02374604864,65137.718930326955,33321.41411460527,79344.10929888359,43895.80448316193,51995.499667440235,88185.19485171858,111104.89003599693,129365.58522027523,132052.28040455357,110843.97558883188,89011.67077311024,138917.36595738854,135643.06114166687,153137.7563259452,97062.45151022352,126539.14669450183,165571.84187878016,156119.53706305852,137624.23224733683,117493.92743161516,114989.62261589347,97700.31780017182,142871.01298445015,102949.70816872848,112705.4033530068,114389.09853728511,88887.79372156344,86466.48890584178,86709.18409012009,121184.87927439844,102746.57445867675,83542.26964295509,125217.96482723343,79140.66001151173,,
37,1000223550.0,0.0,82854.47374124698,545.0312762368884,216.55700000000002,97.008,-60.7763,0.0,0.0,0.0,0.0,0.0,0.0,0.0,0.0,0.0,0.0,0.0,0.0,0.0,0.0,0.0,0.0,0.0,0.0,0.0,0.0,0.0,3024.387480585501,0.0,0.0,0.0,0.0,64258.86340197713,16805.558586255473,46110.2537705338,35469.948954812135,912.6441390904365,24156.339323368768,26648.034507647113,77396.72969192543,72891.42487620378,80873.12006048208,39165.81524476039,84383.51042903872,90141.20561331707,112443.90079759539,77348.59598187373,94419.29116615203,98867.98635043036,90088.6815347087,111905.37671898703,99427.07190326533,112021.76708754367,120419.46227182199,152780.15745610034,145883.85264037867,173539.54782465697,118003.24300893533,176032.93819321363,139896.63337749196,185917.3285617703,168541.02374604862,205182.71893032696,174914.4141146053,184275.1092988836,172002.80448316195,203924.49966744025,184441.19485171858,148462.8900359969,169054.5852202752,171490.28040455357,211855.97558883188,151871.67077311024,119365.36595738854,157927.06114166687,125912.7563259452,177643.4515102235,167908.14669450183,107563.84187878018,105029.53706305851,91461.23224733684,121308.92743161516,100530.62261589347,121223.31780017182,78901.01298445015,133077.70816872848,115033.9033530068,96990.09853728511,113369.79372156344,90540.48890584178,87559.18409012009,124225.87927439844,98090.57445867675,104375.26964295509,95353.96482723343,106259.66001151173
38,1000223868.0,0.0,69255.21937420372,-554.2076941396507,182.79,50.8,-57.465,0.0,0.0,0.0,0.0,0.0,0.0,0.0,0.0,0.0,0.0,0.0,0.0,0.0,0.0,0.0,0.0,0.0,0.0,0.0,0.0,35047.08266486383,0.0,20431.473033420465,0.0,37308.86340197713,27640.558586255473,27948.253770533804,40994.948954812135,26639.644139090437,66104.33932336877,66509.03450764711,33144.72969192543,71729.42487620378,62686.12006048208,70252.8152447604,51512.510429038724,92959.20561331707,71502.90079759539,108595.59598187373,112758.29116615203,116146.98635043036,102805.6815347087,91373.37671898703,115787.07190326533,115990.76708754367,78316.46227182199,89488.15745610034,93060.85264037867,111111.54782465697,146954.24300893533,114618.93819321363,155272.63337749196,163464.3285617703,123032.02374604864,116557.71893032696,117704.41411460527,131522.1092988836,120962.80448316193,134336.49966744025,129080.19485171858,125167.89003599693,95094.58522027523,102131.28040455356,136055.97558883188,97328.67077311024,100109.36595738854,129915.06114166687,85547.7563259452,89163.45151022352,73296.14669450183,91171.84187878018,114923.53706305851,86910.23224733684,104304.92743161516,107819.62261589347,86940.31780017182,94121.01298445015,97381.70816872848,100548.4033530068,122371.09853728511,99005.79372156344,114856.48890584178,72615.18409012009,53519.87927439844,75770.57445867675,104086.26964295509,61679.96482723343,81269.66001151173,,
39,1000223641.0,0.0,39464.651534225,568.3201105614232,155.859,98.7153,-63.794,0.0,0.0,0.0,0.0,0.0,0.0,0.0,0.0,0.0,0.0,0.0,0.0,0.0,0.0,0.0,0.0,0.0,0.0,0.0,0.0,0.0,0.0,0.0,0.0,16733.948954812135,0.0,42487.33932336877,20774.034507647113,28477.72969192543,0.0,0.0,0.0,0.0,20459.20561331707,0.0,0.0,40424.291166152034,49716.986350430365,0.0,50831.37671898703,47064.07190326533,37955.767087543674,58842.46227182199,55691.157456100336,53509.85264037867,35914.54782465697,82896.24300893533,75399.93819321363,81537.63337749195,128252.3285617703,97237.02374604864,69235.71893032696,76190.41411460527,77913.10929888359,97377.80448316193,127946.49966744024,132506.19485171858,115584.89003599693,82342.58522027523,78024.28040455356,97315.97558883188,93347.67077311024,70010.36595738854,50296.06114166687,40664.7563259452,74901.45151022352,63352.14669450183,85226.84187878018,61634.53706305851,74984.23224733684,80932.92743161516,52040.62261589347,60417.31780017182,55333.01298445015,56926.70816872848,69065.4033530068,81997.09853728511,59442.793721563445,78173.48890584178,51738.18409012009,37238.87927439844,24267.574458676754,20450.269642955085,5771.964827233431,27637.660011511733,,,,,
40,1000223549.0,1.0,5921.814047246097,571.9928856717064,166.66099999999997,98.5803,-61.3661,0.0,0.0,0.0,0.0,0.0,0.0,0.0,0.0,0.0,0.0,0.0,0.0,0.0,0.0,0.0,0.0,0.0,0.0,0.0,0.0,0.0,0.0,0.0,0.0,0.0,0.0,0.0,0.0,0.0,0.0,0.0,0.0,0.0,0.0,0.0,12366.510429038724,0.0,34121.90079759539,31072.595981873732,26351.291166152034,0.0,38925.681534708696,29668.376718987027,0.0,22411.767087543674,0.0,0.0,0.0,6958.547824656969,20200.24300893533,0.0,0.0,23072.328561770293,13899.023746048639,0.0,22080.41411460527,2839.109298883588,0.0,0.0,230.19485171858105,746.8900359969266,0.0,0.0,37162.975588831876,5371.670773110236,0.0,22144.06114166687,27954.7563259452,34401.45151022352,0.0,0.0,31248.53706305851,0.0,0.0,16810.622615893473,29720.31780017182,0.0,0.0,0.0,0.0,0.0,9702.488905841776,0.0,21657.879274398438,0.0,0.0,0.0,0.0,,
41,1000223553.0,0.0,62820.35370986073,573.9126450474275,198.817,97.9817,-62.6446,0.0,0.0,0.0,0.0,0.0,0.0,35583.35008496727,11256.045269245573,0.0,32530.43563780225,0.0,28255.826006358868,35243.52119063721,18383.216374915544,14585.91155919386,0.0,11716.301927750523,35950.997112028825,49358.69229630717,20151.3874805855,0.0,24788.777849142163,0.0,26323.16821769881,8067.863401977127,18909.558586255473,0.0,25793.948954812135,42917.64413909044,41651.33932336877,54108.03450764711,28581.72969192543,48244.424876203775,42987.12006048208,84768.8152447604,70187.51042903872,83127.20561331707,105993.90079759539,72582.59598187373,66279.29116615203,86907.98635043036,124283.6815347087,78532.37671898703,98232.07190326533,89568.76708754367,136987.46227182198,95087.15745610034,154143.85264037867,143614.54782465697,135543.24300893533,114088.93819321363,112362.63337749195,81151.3285617703,126533.02374604864,92094.71893032696,97003.41411460527,92955.10929888359,105028.80448316193,47581.499667440235,49411.19485171858,79898.89003599693,67322.58522027523,80384.28040455356,94359.97558883188,97367.67077311024,87692.36595738854,89410.06114166687,60942.7563259452,93527.45151022352,147702.14669450183,92431.84187878018,90504.53706305851,100197.23224733684,78496.92743161516,51372.62261589347,68533.31780017182,81404.01298445015,60504.70816872848,64737.4033530068,43010.098537285114,83813.79372156344,77183.48890584178,88054.18409012009,74844.87927439844,98295.57445867675,115739.26964295509,91225.96482723343,69792.66001151173,,
42,1000223882.0,1.0,26016.802671614485,-577.7883625640779,209.351,49.7666,-55.3657,0.0,0.0,0.0,0.0,0.0,0.0,0.0,0.0,0.0,0.0,0.0,0.0,0.0,0.0,0.0,0.0,0.0,0.0,0.0,0.0,0.0,2814.387480585501,0.0,14259.777849142163,0.0,0.0,0.0,34485.55858625547,0.0,31463.948954812135,40673.64413909044,21331.339323368768,37766.03450764711,72353.72969192543,42041.424876203775,38820.12006048208,30995.815244760393,56147.510429038724,69402.20561331707,83037.90079759539,84909.59598187373,70660.29116615203,59635.986350430365,93855.6815347087,58889.37671898703,64013.07190326533,60031.767087543674,27104.46227182199,44811.157456100336,55838.85264037867,51155.54782465697,49550.24300893533,24446.93819321363,30190.633377491948,0.0,26508.02374604864,72514.71893032696,0.0,35034.10929888359,0.0,11153.499667440235,0.0,21791.890035996927,30157.58522027523,27589.28040455356,13960.975588831876,25052.670773110236,60607.36595738854,74151.06114166687,40001.7563259452,51104.45151022352,45010.14669450183,64110.84187878018,40829.53706305851,44004.23224733684,31822.927431615157,69043.62261589347,73095.31780017182,49313.01298445015,21475.70816872848,31801.403353006797,30691.098537285114,0.0,0.0,0.0,0.0,0.0,0.0,0.0,0.0
43,1000223552.0,0.0,65365.97558320477,582.8994117710859,176.382,98.6201,-59.6527,0.0,0.0,0.0,0.0,0.0,0.0,0.0,0.0,0.0,0.0,0.0,0.0,0.0,0.0,0.0,0.0,0.0,0.0,0.0,0.0,0.0,0.0,0.0,0.0,0.0,4530.558586255473,11218.253770533804,31151.948954812135,40254.64413909044,37867.33932336877,0.0,77676.72969192543,71446.42487620378,85767.12006048208,73884.8152447604,73637.51042903872,74303.20561331707,55760.90079759539,74292.59598187373,93731.29116615203,90946.98635043036,84997.6815347087,79577.37671898703,74365.07190326533,63082.767087543674,77251.46227182199,63102.157456100336,91966.85264037867,71289.54782465697,55277.24300893533,66715.93819321363,91997.63337749195,80082.3285617703,120120.02374604864,122185.71893032696,120649.41411460527,139440.1092988836,149473.80448316195,163913.49966744025,121373.19485171858,166818.8900359969,151226.5852202752,159521.28040455357,167853.97558883188,197784.67077311024,194505.36595738854,182579.06114166687,140302.7563259452,182525.4515102235,101064.14669450183,130546.84187878018,165610.53706305852,99997.23224733684,107422.92743161516,82946.62261589347,92214.31780017182,82634.01298445015,77356.70816872848,77024.4033530068,65251.098537285114,49383.793721563445,53371.488905841776,57108.18409012009,46081.87927439844,36161.574458676754,27194.269642955085,55558.96482723343,68826.66001151173,,
44,1000223642.0,0.0,82857.93232948787,583.8626739550547,161.17700000000002,98.9375,-60.2547,0.0,0.0,0.0,0.0,0.0,0.0,0.0,0.0,0.0,0.0,0.0,0.0,0.0,0.0,0.0,0.0,0.0,0.0,0.0,0.0,7980.082664863832,0.0,17647.473033420465,0.0,0.0,0.0,0.0,52579.948954812135,82526.64413909044,55649.33932336877,89211.03450764711,77272.72969192543,53820.424876203775,35782.12006048208,43481.81524476039,39847.510429038724,34885.20561331707,39762.90079759539,70114.59598187373,67145.29116615203,83104.98635043036,37416.681534708696,100618.37671898703,62885.07190326533,75033.76708754367,74943.46227182199,136785.15745610034,88798.85264037867,147537.54782465697,142246.24300893533,161489.93819321363,147541.63337749196,159344.3285617703,141605.02374604862,226707.71893032696,146517.4141146053,186632.1092988836,198406.80448316195,199482.49966744025,167586.19485171858,195181.8900359969,199968.5852202752,252378.28040455357,219761.97558883188,225696.67077311024,185275.36595738854,149100.06114166687,157224.7563259452,159406.4515102235,137480.14669450183,148033.84187878016,123717.53706305851,115708.23224733684,162134.92743161516,98528.62261589347,135984.31780017182,156472.01298445015,121965.70816872848,151046.4033530068,88941.18409012009,71924.87927439844,111895.57445867675,65082.269642955085,73575.96482723343,84047.66001151173,,,,,
45,1000223514.0,0.0,75848.00329372492,629.0837686837751,187.97400000000002,99.3269,-57.6871,0.0,0.0,0.0,0.0,0.0,0.0,0.0,0.0,0.0,0.0,0.0,0.0,0.0,0.0,0.0,0.0,27750.301927750523,0.0,0.0,0.0,0.0,0.0,0.0,0.0,14616.863401977127,0.0,0.0,0.0,71336.64413909044,45422.33932336877,73926.03450764711,113708.72969192543,94815.42487620378,99186.12006048208,76297.8152447604,95354.51042903872,74150.20561331707,103599.90079759539,105221.59598187373,117042.29116615203,132571.98635043035,117497.6815347087,143051.376718987,111246.07190326533,156786.76708754367,99221.46227182199,148350.15745610034,113302.85264037867,104786.54782465697,143764.24300893533,83673.93819321363,118533.63337749195,131322.3285617703,119926.02374604864,122734.71893032696,92230.41411460527,86016.10929888359,104806.80448316193,106176.49966744024,105781.19485171858,128513.89003599693,76731.58522027523,94799.28040455356,161877.97558883188,138369.67077311024,132320.36595738854,148596.06114166687,143660.7563259452,157773.4515102235,136422.14669450183,116176.84187878018,122305.53706305851,135994.23224733683,135456.92743161516,105694.62261589347,110828.31780017182,144930.01298445015,130606.70816872848,135326.4033530068,52923.098537285114,97020.79372156344,100048.48890584178,66406.18409012009,86455.87927439844,79408.57445867675,73885.26964295509,136420.96482723343,71460.66001151173,,
46,1000223566.0,2.0,99357.94031369853,641.6475488000391,210.543,99.1176,-56.4451,0.0,0.0,0.0,0.0,0.0,0.0,0.0,0.0,0.0,23906.045269245573,29265.740453523904,0.0,40212.130822080566,27096.826006358868,59048.52119063721,21603.216374915544,45180.91155919386,65291.606743472206,40303.30192775052,76559.99711202882,105132.69229630717,120373.3874805855,121590.08266486383,81415.77784914216,112307.47303342047,140755.1682176988,105668.86340197713,141305.55858625547,69309.2537705338,101788.94895481213,104860.64413909044,112957.33932336877,120054.03450764711,138138.72969192543,129971.42487620378,104299.12006048208,107239.8152447604,200300.51042903872,150565.20561331708,171709.9007975954,162932.59598187375,141071.29116615205,185752.98635043035,160077.6815347087,202820.376718987,232559.0719032653,177535.76708754367,160076.46227182198,145692.15745610034,168291.85264037867,141945.54782465697,157448.24300893533,169103.93819321363,138740.63337749196,117808.3285617703,104350.02374604864,103722.71893032696,150683.4141146053,121530.10929888359,102013.80448316193,126674.49966744024,105084.19485171858,103414.89003599693,143034.5852202752,130894.28040455356,135300.97558883188,95425.67077311024,134755.36595738854,85944.06114166687,99560.7563259452,127039.45151022352,102798.14669450183,95927.84187878018,112168.53706305851,93342.23224733684,84193.92743161516,75713.62261589347,101351.31780017182,87857.01298445015,114728.70816872848,80316.4033530068,92850.09853728511,85614.79372156344,120609.48890584178,72245.18409012009,81542.87927439844,78208.57445867675,80755.26964295509,67504.96482723343,114987.66001151173
47,1000223554.0,0.0,39589.006642807224,643.8394560445972,182.80200000000002,99.7213,-60.4234,0.0,0.0,0.0,0.0,0.0,0.0,0.0,0.0,0.0,0.0,0.0,0.0,0.0,0.0,0.0,0.0,0.0,0.0,0.0,0.0,0.0,0.0,0.0,0.0,0.0,27984.558586255473,50266.2537705338,28175.948954812135,53173.64413909044,0.0,45327.03450764711,40161.72969192543,45136.424876203775,88699.12006048208,84793.8152447604,55043.510429038724,55198.20561331707,75599.90079759539,48724.59598187373,63229.291166152034,17881.986350430365,45207.681534708696,69073.37671898703,37594.07190326533,57367.767087543674,11654.46227182199,29536.157456100336,38808.85264037867,35806.54782465697,27971.24300893533,31064.93819321363,0.0,0.0,42869.02374604864,46297.718930326955,59894.41411460527,42135.10929888359,44379.80448316193,40583.499667440235,56448.19485171858,48817.89003599693,65699.58522027523,82762.28040455356,71038.97558883188,46191.670773110236,80621.36595738854,84869.06114166687,87962.7563259452,114906.45151022352,98165.14669450183,99930.84187878018,115513.53706305851,86230.23224733684,102611.92743161516,80771.62261589347,81156.31780017182,49915.01298445015,99922.70816872848,76523.4033530068,61770.098537285114,58210.793721563445,31242.488905841776,33845.18409012009,80522.87927439844,88956.57445867675,23855.269642955085,27979.96482723343,7749.660011511733,,
48,1000223867.0,0.0,65918.08642181498,-657.7130082249206,215.033,48.04,-56.7462,0.0,0.0,0.0,0.0,0.0,0.0,0.0,0.0,0.0,0.0,0.0,0.0,0.0,0.0,0.0,0.0,0.0,0.0,0.0,0.0,0.0,0.0,17231.082664863832,22646.777849142163,0.0,22101.16821769881,18067.863401977127,30904.558586255473,27297.253770533804,52007.948954812135,52659.64413909044,49637.33932336877,60358.03450764711,71863.72969192543,43061.424876203775,43446.12006048208,100043.8152447604,89623.51042903872,81678.20561331707,71838.90079759539,74565.59598187373,95494.29116615203,94799.98635043036,83133.6815347087,73884.37671898703,76978.07190326533,70670.76708754367,84492.46227182199,68596.15745610034,107913.85264037867,105421.54782465697,87660.24300893533,110004.93819321363,127658.63337749195,114918.3285617703,82063.02374604864,87317.71893032696,109262.41411460527,82024.10929888359,98285.80448316193,91333.49966744024,61259.19485171858,112152.89003599693,92356.58522027523,91940.28040455356,96017.97558883188,100626.67077311024,105850.36595738854,94258.06114166687,128519.7563259452,92123.45151022352,126423.14669450183,86864.84187878018,119880.53706305851,115787.23224733684,135193.92743161516,176812.6226158935,139807.31780017182,169543.01298445015,106331.70816872848,104700.4033530068,152941.0985372851,73612.79372156344,85552.48890584178,70052.18409012009,104957.87927439844,85757.57445867675,119414.26964295509,87688.96482723343,115253.66001151173
49,1000223876.0,0.0,46436.91472444011,-672.366643680622,203.018,48.0033,-52.5658,0.0,0.0,0.0,0.0,0.0,0.0,0.0,0.0,0.0,0.0,0.0,0.0,0.0,0.0,0.0,0.0,16053.91155919386,25921.606743472206,60912.30192775052,49296.997112028825,23113.69229630717,61655.3874805855,47133.08266486383,48232.77784914216,53616.473033420465,47615.16821769881,54091.86340197713,78054.55858625547,61463.2537705338,79484.94895481213,69512.64413909044,82107.33932336877,79591.03450764711,80237.72969192543,78219.42487620378,70162.12006048208,73847.8152447604,66577.51042903872,53934.20561331707,81643.90079759539,124644.59598187373,68039.29116615203,52680.986350430365,62748.681534708696,68139.37671898703,93718.07190326533,56563.767087543674,65112.46227182199,82356.15745610034,94390.85264037867,87408.54782465697,111912.24300893533,124823.93819321363,96744.63337749195,91301.3285617703,102676.02374604864,75568.71893032696,94693.41411460527,79836.10929888359,88667.80448316193,39713.499667440235,67325.19485171858,93992.89003599693,56901.58522027523,70051.28040455356,79122.97558883188,64207.670773110236,46118.36595738854,34176.06114166687,47201.7563259452,41925.84187878018,29382.146694501833,29163.23224733684,0.0,27405.622615893473,23645.31780017182,47333.01298445015,27747.70816872848,19863.403353006797,4803.098537285114,0.0,0.0,24905.184090120092,0.0,0.0,804.2696429550851,25825.96482723343,20325.660011511733,,
50,1000223878.0,0.0,53642.68337198943,-687.9580598501808,176.96900000000002,48.2266,-56.6684,0.0,0.0,0.0,0.0,0.0,0.0,0.0,0.0,0.0,0.0,0.0,0.0,0.0,0.0,0.0,0.0,0.0,0.0,0.0,0.0,0.0,0.0,0.0,0.0,0.0,0.0,0.0,0.0,0.0,0.0,0.0,0.0,0.0,9223.120060482077,0.0,13642.510429038724,23033.20561331707,18034.900797595386,25979.595981873732,33730.291166152034,41648.986350430365,56918.681534708696,67915.37671898703,62490.07190326533,70332.76708754367,34102.46227182199,88551.15745610034,103222.85264037867,78613.54782465697,94790.24300893533,112891.93819321363,108765.63337749195,123802.3285617703,99985.02374604864,127913.71893032696,112897.41411460527,114982.10929888359,93338.80448316193,155371.49966744025,118063.19485171858,140552.8900359969,106068.58522027523,91105.28040455356,96746.97558883188,137995.67077311024,107660.36595738854,93120.06114166687,114187.7563259452,80002.45151022352,80484.14669450183,72200.84187878018,113548.53706305851,77698.23224733684,96011.92743161516,85425.62261589347,143036.31780017182,128381.01298445015,101025.70816872848,85297.4033530068,97376.09853728511,128488.79372156344,83851.48890584178,51737.18409012009,86305.87927439844,51550.574458676754,97774.26964295509,87976.96482723343,94703.66001151173,,
51,1000223904.0,0.0,49539.36157822952,-712.045943670833,158.531,48.1318,-57.0837,0.0,0.0,0.0,0.0,0.0,0.0,0.0,0.0,0.0,0.0,0.0,0.0,0.0,0.0,0.0,0.0,0.0,0.0,0.0,0.0,0.0,0.0,0.0,0.0,36505.948954812135,30793.644139090437,0.0,39068.03450764711,40325.72969192543,24840.424876203775,27313.120060482077,32629.815244760393,24608.510429038724,16020.20561331707,41484.90079759539,55941.59598187373,68521.29116615203,64695.986350430365,63094.681534708696,129506.37671898703,149521.0719032653,59550.767087543674,90377.46227182199,76874.15745610034,85942.85264037867,53716.54782465697,96020.24300893533,101614.93819321363,144664.63337749196,163710.3285617703,141040.02374604862,81990.71893032696,95242.41411460527,78172.10929888359,73671.80448316193,74524.49966744024,85945.19485171858,83659.89003599693,72138.58522027523,93315.28040455356,62362.975588831876,80058.67077311024,100913.36595738854,54904.06114166687,40532.7563259452,35968.45151022352,47090.14669450183,45054.84187878018,42190.53706305851,74729.23224733684,66926.92743161516,101525.62261589347,105224.31780017182,54409.01298445015,82431.70816872848,65065.4033530068,93870.09853728511,66468.79372156344,109840.48890584178,64000.18409012009,56863.87927439844,58285.574458676754,50233.269642955085,43714.96482723343,11136.660011511733,,,,,
52,1000223877.0,1.0,33544.803636037905,-734.2812413209206,222.24599999999998,46.441,-54.5122,0.0,0.0,0.0,0.0,0.0,0.0,0.0,0.0,0.0,0.0,0.0,0.0,0.0,0.0,0.0,0.0,0.0,0.0,0.0,0.0,0.0,0.0,0.0,0.0,0.0,0.0,0.0,0.0,29044.253770533804,17883.948954812135,10156.644139090437,38762.33932336877,36750.03450764711,7075.7296919254295,47692.424876203775,40588.12006048208,40342.81524476039,26250.510429038724,55801.20561331707,41958.90079759539,50985.59598187373,24522.291166152034,43969.986350430365,23809.681534708696,30904.376718987027,44961.07190326533,20441.767087543674,19739.46227182199,27834.157456100336,36539.85264037867,25310.54782465697,48553.24300893533,41913.93819321363,17645.633377491948,54199.32856177029,47167.02374604864,35617.718930326955,34402.41411460527,50076.10929888359,55567.80448316193,83513.49966744024,66621.19485171858,50266.89003599693,67926.58522027523,62067.28040455356,72999.97558883188,40793.670773110236,63587.36595738854,73599.06114166687,66084.7563259452,51204.45151022352,55459.14669450183,66175.84187878018,72973.53706305851,8097.23224733684,81218.92743161516,77923.62261589347,71592.31780017182,38803.01298445015,38323.70816872848,66575.4033530068,34879.098537285114,61125.793721563445,98434.48890584178,41977.18409012009,106500.87927439844,79399.57445867675,56523.269642955085,64812.96482723341,73102.66001151173
53,1000227898.0,1.0,25913.751511665,736.7276148365729,227.354,100.583,-59.0045,0.0,0.0,0.0,0.0,0.0,0.0,0.0,0.0,0.0,0.0,0.0,0.0,0.0,0.0,0.0,0.0,0.0,0.0,0.0,0.0,0.0,0.0,0.0,0.0,0.0,0.0,0.0,0.0,0.0,0.0,0.0,22803.339323368768,26974.034507647113,29302.72969192543,46400.424876203775,0.0,23616.815244760393,33661.510429038724,29181.20561331707,6594.900797595386,28029.595981873732,17199.291166152034,0.0,33771.681534708696,50577.37671898703,27787.07190326533,56904.767087543674,53845.46227182199,25244.157456100336,0.0,50359.54782465697,68770.24300893533,44265.93819321363,20608.633377491948,26026.328561770293,47066.02374604864,60362.718930326955,46803.41411460527,32129.109298883588,40304.80448316193,65800.49966744024,68303.19485171858,68371.89003599693,55131.58522027523,96965.28040455356,83005.97558883188,35030.670773110236,65646.36595738854,89770.06114166687,90394.7563259452,60746.45151022352,72925.14669450183,64514.84187878018,55497.53706305851,89029.23224733684,80264.92743161516,34948.62261589347,0.0,33197.01298445015,57160.70816872848,57805.4033530068,0.0,17455.793721563445,14782.488905841776,6455.184090120092,20442.879274398438,0.0,0.0,0.0,0.0
54,1000228212.0,0.0,46989.32265516923,-740.5361870582593,227.68099999999998,46.2096,-57.1988,0.0,0.0,0.0,0.0,0.0,0.0,0.0,0.0,0.0,0.0,0.0,0.0,0.0,0.0,0.0,0.0,0.0,0.0,0.0,0.0,0.0,0.0,0.0,0.0,0.0,0.0,0.0,0.0,0.0,22000.948954812135,20859.644139090437,13920.339323368768,0.0,6200.7296919254295,13523.424876203775,38818.12006048208,7662.815244760393,61629.510429038724,32276.20561331707,68140.90079759539,92492.59598187373,78494.29116615203,90927.98635043036,61903.681534708696,125996.37671898703,82431.07190326533,83480.76708754367,103490.46227182199,76419.15745610034,71035.85264037867,78742.54782465697,91403.24300893533,102164.93819321363,144662.63337749196,114096.3285617703,84421.02374604864,90330.71893032696,73043.41411460527,67690.10929888359,103319.80448316193,72882.49966744024,73599.19485171858,89218.89003599693,69434.58522027523,78829.28040455356,74799.97558883188,66811.67077311024,88373.36595738854,75288.06114166687,77718.7563259452,103606.45151022352,84181.14669450183,74422.84187878018,76538.53706305851,61110.23224733684,52291.92743161516,52769.62261589347,71153.31780017182,67339.01298445015,84119.70816872848,82800.4033530068,82664.09853728511,62680.793721563445,71804.48890584178,57835.18409012009,40092.87927439844,50471.574458676754,67203.26964295509,61868.96482723343,55548.66001151173
55,1000223875.0,1.0,14153.611117030097,-740.9375799276247,192.886,46.918,-56.4506,0.0,0.0,0.0,0.0,0.0,0.0,0.0,0.0,0.0,0.0,0.0,0.0,0.0,0.0,0.0,0.0,0.0,0.0,0.0,0.0,0.0,0.0,0.0,0.0,0.0,0.0,25482.253770533804,0.0,28239.644139090437,18617.339323368768,26195.034507647113,31591.72969192543,59376.424876203775,9344.120060482077,3963.8152447603934,46981.510429038724,23844.20561331707,37685.90079759539,19440.595981873732,34557.291166152034,19159.986350430365,39369.681534708696,27900.376718987027,25341.07190326533,0.0,24959.46227182199,11060.157456100336,9284.852640378667,8584.54782465697,0.0,0.0,0.0,24080.328561770293,20809.02374604864,12069.718930326955,45948.41411460527,21730.109298883588,51145.80448316193,25961.499667440235,48137.19485171858,40412.89003599693,47280.58522027523,27102.28040455356,43181.975588831876,36491.670773110236,55346.36595738854,15162.061141666869,0.0,35422.45151022352,19232.146694501833,3190.8418787801784,0.0,21179.23224733684,0.0,5326.622615893473,13020.317800171819,0.0,18682.70816872848,0.0,0.0,0.0,0.0,4794.184090120092,12184.879274398438,3802.574458676754,6222.269642955085,40513.96482723343,16105.660011511733,,
56,1000223569.0,1.0,6893.17561338555,766.5582122184368,203.907,101.609,-59.6893,0.0,0.0,0.0,0.0,0.0,0.0,0.0,0.0,0.0,0.0,0.0,0.0,0.0,0.0,0.0,0.0,0.0,0.0,0.0,0.0,0.0,0.0,0.0,0.0,0.0,0.0,0.0,0.0,0.0,0.0,0.0,5708.3393233687675,0.0,0.0,0.0,0.0,0.0,0.0,0.0,0.0,0.0,0.0,4396.986350430365,0.0,0.0,0.0,23026.767087543674,0.0,0.0,0.0,651.5478246569692,0.0,0.0,13020.633377491948,0.0,0.0,0.0,9865.414114605272,1603.109298883588,802.8044831619336,7195.4996674402355,10787.194851718581,7486.890035996927,20651.58522027523,27218.28040455356,16303.975588831876,873.670773110236,12923.365957388538,51400.06114166687,30647.7563259452,31153.451510223516,12991.146694501833,6526.841878780178,42204.53706305851,53015.23224733684,21776.927431615157,34888.62261589347,26495.70816872848,9984.403353006797,0.0,18762.793721563445,0.0,36207.18409012009,15955.879274398438,37607.574458676754,14465.269642955085,0.0,0.0,,
57,1000223893.0,1.0,20957.13545605296,-767.2592293434687,164.75099999999998,46.998000000000005,-56.733999999999995,0.0,0.0,0.0,0.0,0.0,0.0,0.0,0.0,0.0,0.0,0.0,0.0,0.0,0.0,0.0,0.0,0.0,0.0,0.0,0.0,0.0,0.0,0.0,0.0,0.0,0.0,0.0,0.0,0.0,21734.339323368768,0.0,0.0,0.0,0.0,4535.815244760393,0.0,9734.20561331707,0.0,0.0,0.0,0.0,17872.681534708696,16405.376718987027,0.0,23213.767087543674,28253.46227182199,3828.1574561003363,27428.852640378667,30616.54782465697,43312.24300893533,42909.93819321363,20552.633377491948,3447.328561770293,33316.02374604864,42288.718930326955,57476.41411460527,42001.10929888359,70884.80448316193,67205.49966744024,55622.19485171858,65512.89003599693,45282.58522027523,32147.28040455356,20395.975588831876,23332.670773110236,62008.36595738854,68425.06114166687,42557.7563259452,64267.45151022352,25852.146694501833,48229.84187878018,37647.53706305851,53790.23224733684,59214.92743161516,78455.62261589347,45906.31780017182,40370.01298445015,63267.70816872848,57821.4033530068,68824.09853728511,59051.793721563445,20942.488905841776,50772.18409012009,16223.879274398438,31287.574458676754,0.0,0.0,0.0,,
58,1000223555.0,1.0,24503.665708716188,773.8008502396742,171.636,102.387,-61.7539,0.0,0.0,0.0,0.0,0.0,0.0,0.0,0.0,0.0,0.0,0.0,0.0,0.0,0.0,0.0,0.0,0.0,0.0,0.0,0.0,0.0,0.0,0.0,0.0,0.0,0.0,0.0,30321.948954812135,0.0,0.0,0.0,8532.72969192543,0.0,0.0,0.0,0.0,28100.20561331707,36692.90079759539,39526.59598187373,0.0,0.0,51547.681534708696,0.0,15796.071903265329,38460.767087543674,0.0,0.0,11103.852640378667,40989.54782465697,22678.24300893533,20576.93819321363,20083.633377491948,0.0,28006.02374604864,26718.718930326955,53964.41411460527,26539.109298883588,36347.80448316193,58341.499667440235,33577.19485171858,40994.89003599693,39954.58522027523,62331.28040455356,38999.975588831876,40177.670773110236,58442.36595738854,54171.06114166687,43601.7563259452,29748.451510223516,84667.14669450183,46459.84187878018,41809.53706305851,55548.23224733684,48622.92743161516,55888.62261589347,22919.31780017182,52446.01298445015,41897.70816872848,63497.4033530068,85741.09853728511,59143.793721563445,82577.48890584178,71775.18409012009,78880.87927439844,67027.57445867675,47664.269642955085,64806.96482723343,48620.66001151173,,
59,1000223557.0,0.0,44830.076144275765,777.9037042750717,220.87,101.465,-59.2484,0.0,0.0,0.0,0.0,0.0,0.0,0.0,0.0,0.0,0.0,0.0,0.0,0.0,0.0,0.0,0.0,0.0,0.0,0.0,0.0,0.0,0.0,0.0,27823.777849142163,0.0,6254.168217698811,62203.86340197713,0.0,18922.253770533804,25073.948954812135,3975.6441390904365,0.0,0.0,47649.72969192543,0.0,0.0,0.0,0.0,24030.20561331707,30273.900797595386,63203.59598187373,88839.29116615203,80843.98635043036,58801.681534708696,97789.37671898703,89793.07190326533,127962.76708754367,121260.46227182199,84564.15745610034,118363.85264037867,141100.54782465697,127612.24300893533,134720.93819321363,122400.63337749195,123936.3285617703,117466.02374604864,145668.71893032696,119156.91411460527,92645.10929888359,87911.80448316193,76224.49966744024,61377.19485171858,72983.89003599693,71882.58522027523,99268.28040455356,98678.97558883188,86805.67077311024,117518.36595738854,81478.06114166687,77949.7563259452,107499.45151022352,46973.14669450183,73396.84187878018,67113.53706305851,75207.23224733684,63193.92743161516,61713.62261589347,63405.31780017182,34901.01298445015,20354.70816872848,18605.403353006797,12646.098537285114,40798.793721563445,38656.488905841776,23341.184090120092,20382.879274398438,0.0,8706.269642955085,0.0,23394.660011511733
60,1000223873.0,1.0,26448.93690899833,-806.3708025107197,171.62,46.1658,-53.8925,0.0,0.0,0.0,0.0,0.0,0.0,0.0,0.0,0.0,0.0,0.0,0.0,0.0,0.0,0.0,0.0,0.0,0.0,0.0,0.0,0.0,0.0,0.0,0.0,0.0,0.0,0.0,0.0,524.6441390904365,0.0,0.0,0.0,0.0,0.0,0.0,0.0,0.0,0.0,0.0,4716.291166152034,4085.986350430365,25620.681534708696,29102.376718987027,13831.071903265329,27450.767087543674,12813.46227182199,36760.157456100336,25424.852640378667,27217.54782465697,79883.24300893533,23830.93819321363,79919.63337749195,38388.32856177029,68648.02374604864,56624.718930326955,82539.41411460527,56129.10929888359,108690.80448316193,88557.49966744024,59788.19485171858,60533.89003599693,59327.58522027523,33347.28040455356,63931.975588831876,64313.670773110236,71328.36595738854,36416.06114166687,43469.7563259452,55725.45151022352,71442.14669450183,73714.84187878018,17711.53706305851,61746.23224733684,36765.92743161516,79171.62261589347,60130.31780017182,67312.01298445015,22146.70816872848,37587.4033530068,16134.098537285114,26356.793721563445,46848.488905841776,36079.18409012009,21489.879274398438,78524.57445867675,52824.269642955085,46783.96482723343,35794.66001151173,,
61,1000223515.0,0.0,80892.73256612117,824.8918286000943,215.34400000000002,102.412,-59.0358,0.0,0.0,0.0,0.0,0.0,0.0,0.0,0.0,0.0,0.0,0.0,18797.43563780225,24955.130822080566,0.0,0.0,28273.216374915544,12216.91155919386,58223.606743472206,21094.301927750523,35343.997112028825,67626.69229630717,70235.3874805855,96534.08266486383,92161.77784914216,110901.47303342047,106139.16821769881,95923.86340197713,102746.55858625547,79216.2537705338,109806.94895481213,141326.64413909044,111590.33932336877,144490.0345076471,147208.72969192543,128547.42487620378,111076.12006048208,106893.8152447604,112091.51042903872,54265.20561331707,94847.90079759539,66566.59598187373,58445.291166152034,74761.98635043036,102730.6815347087,88405.37671898703,71157.07190326533,44079.767087543674,80655.46227182199,59360.157456100336,56632.85264037867,78453.54782465697,74237.24300893533,80256.93819321363,80819.63337749195,94847.3285617703,83255.02374604864,113187.71893032696,57671.41411460527,109455.10929888359,106256.80448316193,87093.49966744024,131433.19485171858,85637.89003599693,109740.58522027523,112931.28040455356,152388.97558883188,148998.67077311024,107446.36595738854,144780.06114166687,114251.7563259452,117963.45151022352,169340.14669450183,125877.84187878018,136873.53706305852,89638.23224733684,83565.92743161516,99970.62261589347,111364.31780017182,88355.01298445015,149204.70816872848,129752.4033530068,133822.0985372851,127870.79372156344,124521.48890584178,120132.18409012009,89338.87927439844,100659.57445867675,82549.26964295509,64351.96482723343,76720.66001151173
62,1000223556.0,0.0,50554.15528561608,824.9531095263252,192.838,102.87,-61.1257,0.0,0.0,0.0,0.0,0.0,0.0,0.0,0.0,0.0,0.0,0.0,0.0,0.0,0.0,0.0,0.0,0.0,0.0,0.0,0.0,0.0,0.0,0.0,0.0,0.0,0.0,0.0,0.0,0.0,24838.339323368768,27410.034507647113,22688.72969192543,7871.424876203775,9815.120060482077,0.0,51380.510429038724,50950.20561331707,62102.90079759539,81939.59598187373,38326.291166152034,58618.986350430365,62306.681534708696,88937.37671898703,67448.07190326533,58906.767087543674,50734.46227182199,80116.15745610034,70344.85264037867,22058.54782465697,76237.24300893533,43404.93819321363,37142.63337749195,57479.32856177029,48107.02374604864,76081.71893032696,87924.41411460527,62024.10929888359,72608.80448316193,62222.499667440235,64864.19485171858,69105.89003599693,106619.58522027523,98500.28040455356,96336.97558883188,79411.67077311024,98862.36595738854,98995.06114166687,127964.7563259452,109067.45151022352,92140.14669450183,99230.84187878018,104082.53706305851,118602.23224733684,115715.92743161516,129025.62261589347,129096.31780017182,81580.01298445015,117520.70816872848,86188.4033530068,91358.09853728511,107637.79372156344,97895.48890584178,83247.18409012009,106542.87927439844,113892.57445867675,85937.26964295509,81514.96482723343,97800.66001151173,,
63,1000223881.0,2.0,92425.34501288216,-838.9988821158681,210.545,44.8131,-48.5085,0.0,0.0,0.0,0.0,0.0,0.0,0.0,0.0,0.0,0.0,0.0,0.0,0.0,0.0,0.0,0.0,0.0,0.0,0.0,0.0,4067.69229630717,0.0,0.0,0.0,6304.473033420465,0.0,0.0,34409.55858625547,43767.2537705338,31093.948954812135,55442.64413909044,50317.33932336877,70832.03450764711,91946.72969192543,76986.42487620378,105301.12006048208,117296.8152447604,101800.51042903872,94915.20561331707,137994.9007975954,88705.59598187373,149806.29116615205,166288.98635043035,173364.6815347087,190652.376718987,201291.0719032653,160694.76708754367,168807.46227182198,167197.15745610034,156679.85264037864,146162.54782465697,177139.24300893533,194083.93819321363,176796.63337749196,193185.3285617703,169988.02374604862,207053.71893032696,174541.4141146053,192630.1092988836,183900.80448316195,220402.49966744025,185428.19485171858,177159.8900359969,220466.5852202752,136377.28040455357,168507.97558883188,154495.67077311024,138191.36595738854,108490.06114166687,117644.7563259452,157666.4515102235,116438.14669450183,166722.84187878016,98732.53706305851,124223.23224733684,104349.92743161516,107748.62261589347,86691.31780017182,143404.01298445015,128856.70816872848,119415.4033530068,70916.09853728511,103162.79372156344,109938.48890584178,110507.18409012009,117761.87927439844,115179.57445867675,89574.26964295509,86994.96482723343,71385.66001151173
64,1000223604.0,1.0,25930.41687314255,852.2538244178876,158.148,104.02600000000001,-61.4342,0.0,0.0,0.0,0.0,0.0,0.0,0.0,0.0,0.0,0.0,0.0,0.0,0.0,0.0,0.0,0.0,0.0,18390.082664863832,0.0,0.0,0.0,748.8634019771271,0.0,31438.253770533804,0.0,0.0,0.0,0.0,10191.72969192543,10253.424876203775,0.0,5475.815244760393,43467.510429038724,0.0,0.0,0.0,0.0,26782.986350430365,5221.681534708696,21995.376718987027,39208.07190326533,57592.767087543674,39991.46227182199,35885.157456100336,37409.85264037867,26867.54782465697,19697.24300893533,35685.93819321363,21409.633377491948,38211.32856177029,24485.02374604864,21343.718930326955,44863.41411460527,35914.10929888359,33955.80448316193,44605.499667440235,50765.19485171858,55528.89003599693,58621.58522027523,51070.28040455356,85348.97558883188,36303.670773110236,35690.36595738854,92725.06114166687,57899.7563259452,60788.45151022352,70147.14669450183,63567.84187878018,67814.53706305851,77803.23224733684,53867.92743161516,73056.62261589347,63745.31780017182,74873.01298445015,41094.70816872848,72159.4033530068,34094.098537285114,0.0,32717.488905841776,41436.18409012009,43272.87927439844,35298.574458676754,30058.269642955085,0.0,13243.660011511733,,,,,
65,1000223886.0,1.0,29680.86848469556,-857.56341746997,182.162,45.0677,-54.1521,0.0,0.0,0.0,0.0,0.0,0.0,0.0,0.0,0.0,0.0,0.0,0.0,0.0,0.0,0.0,0.0,3796.3019277505227,24379.997112028825,14952.69229630717,0.0,0.0,0.0,0.0,0.0,0.0,25835.558586255473,0.0,39743.948954812135,44491.64413909044,25378.339323368768,61312.03450764711,47452.72969192543,22217.424876203775,30411.120060482077,17208.815244760393,40265.510429038724,26509.20561331707,30625.900797595386,27334.595981873732,27750.291166152034,25663.986350430365,40140.681534708696,53096.37671898703,47994.07190326533,56893.26708754366,65792.46227182199,24412.157456100336,46404.85264037867,46547.54782465697,58964.24300893533,41851.93819321363,41894.63337749195,51662.32856177029,22395.02374604864,22797.718930326955,75341.41411460527,45375.10929888359,58744.80448316193,52497.499667440235,38707.19485171858,51697.89003599693,51733.58522027523,52555.28040455356,62581.975588831876,62029.670773110236,27862.365957388538,25406.06114166687,40101.7563259452,31022.451510223516,32485.146694501833,46274.84187878018,0.0,0.0,0.0,45306.62261589347,48999.31780017182,24347.01298445015,43301.70816872848,63275.4033530068,50289.098537285114,58157.793721563445,55281.488905841776,42090.18409012009,48193.87927439844,35854.574458676754,60260.269642955085,44701.96482723343,81262.66001151173,,
66,1000223558.0,0.0,50673.11751014752,858.7912913280237,178.405,103.742,-59.8593,0.0,0.0,0.0,0.0,0.0,0.0,0.0,0.0,0.0,0.0,0.0,0.0,0.0,0.0,0.0,0.0,0.0,0.0,0.0,0.0,0.0,26630.777849142163,0.0,0.0,8105.863401977127,28206.558586255473,0.0,0.0,0.0,0.0,28085.034507647113,40551.72969192543,5578.424876203775,33066.12006048208,20426.815244760393,42095.510429038724,25006.20561331707,60908.90079759539,50749.59598187373,50380.291166152034,46232.986350430365,49822.681534708696,83640.37671898703,52895.07190326533,88813.76708754367,79086.46227182199,68106.15745610034,78783.85264037867,92312.54782465697,106080.24300893533,71044.93819321363,96214.63337749195,82788.3285617703,116245.02374604864,83067.71893032696,93319.41411460527,115851.10929888359,117406.80448316193,118452.49966744024,61430.19485171858,79561.89003599693,86768.58522027523,38185.28040455356,66875.97558883188,68281.67077311024,28759.365957388538,61114.06114166687,48212.7563259452,69705.45151022352,46931.14669450183,60325.84187878018,88642.53706305851,54916.23224733684,62310.92743161516,80440.62261589347,115233.31780017182,49840.01298445015,82550.70816872848,96117.4033530068,109684.09853728511,121532.79372156344,127869.48890584178,98578.18409012009,139289.87927439844,112907.57445867675,112481.26964295509,123987.96482723343,106742.66001151173,,
67,1000223650.0,1.0,28260.396478076334,859.9838040711064,164.91,104.027,-61.2361,0.0,0.0,0.0,0.0,0.0,0.0,0.0,0.0,0.0,0.0,0.0,0.0,0.0,0.0,0.0,0.0,0.0,0.0,0.0,0.0,0.0,0.0,17843.473033420465,0.0,0.0,0.0,0.0,0.0,0.0,0.0,0.0,0.0,0.0,0.0,0.0,0.0,0.0,0.0,0.0,0.0,33810.986350430365,21378.681534708696,36646.37671898703,46663.07190326533,27319.767087543674,20991.46227182199,0.0,9832.852640378667,36967.54782465697,31496.24300893533,0.0,15569.633377491948,21200.328561770293,30528.02374604864,27771.718930326955,50983.41411460527,46636.10929888359,68248.80448316193,41349.499667440235,27965.19485171858,44674.89003599693,69616.58522027523,37427.28040455356,58552.975588831876,50546.670773110236,67055.36595738854,59064.06114166687,56419.7563259452,63451.45151022352,58500.14669450183,70901.84187878018,80431.53706305851,69037.23224733684,120496.92743161516,105619.62261589347,97258.31780017182,67331.01298445015,79729.70816872848,88480.4033530068,93872.09853728511,66617.79372156344,92138.48890584178,38655.18409012009,24977.879274398438,65639.57445867675,55864.269642955085,46377.96482723343,44972.66001151173,,
68,1000223567.0,0.0,37392.962226088785,862.1797150593283,198.31,103.402,-56.3075,0.0,0.0,0.0,0.0,23738.95971641061,0.0,0.0,0.0,0.0,0.0,0.0,0.0,0.0,0.0,0.0,0.0,0.0,0.0,0.0,0.0,0.0,0.0,0.0,0.0,0.0,0.0,0.0,0.0,0.0,0.0,18861.034507647113,12672.72969192543,0.0,40435.12006048208,26690.815244760393,21269.510429038724,27611.20561331707,41218.90079759539,41278.59598187373,45597.291166152034,59436.986350430365,70854.6815347087,66396.37671898703,48714.07190326533,63854.767087543674,63143.46227182199,63220.157456100336,77976.85264037867,62693.54782465697,74384.24300893533,38135.93819321363,65226.63337749195,29162.328561770293,65855.02374604864,61082.718930326955,82082.41411460527,92038.10929888359,72521.80448316193,54055.499667440235,63728.19485171858,44239.89003599693,51582.58522027523,36909.28040455356,69496.97558883188,66636.67077311024,78006.36595738854,68601.06114166687,44736.7563259452,61395.45151022352,43955.14669450183,66144.84187878018,46727.53706305851,75977.23224733684,71120.92743161516,69308.62261589347,107404.31780017182,108116.01298445015,111066.70816872848,79360.4033530068,78142.09853728511,61133.793721563445,59373.488905841776,72913.18409012009,28628.879274398438,41479.574458676754,19893.269642955085,19678.96482723343,34612.66001151173,,
